USE bookstore;

INSERT INTO publisher (publisher_id,publisher_name,city,province,country,year_established,marketing_spend) VALUES 
        ('CHP','Cedar House Publishers','Friday Harbor','Washington','USA',2086,72000),
	('SSC','Sound & Seas Co.','Dunedin','Otago','New Zealand',2153,151000),
	('PP','Palimpsest Printing','Edinburgh','Scotland','UK',1982,48000),
	('ESP','Etaoin Shrdlu Press','Seattle','Washington','USA',2069,2320000);


INSERT INTO authors (author_id,first_name,last_name,birthday,country_residence,writing_hours_per_day) VALUES ('AS443','Abraham','Stackhouse','2147-07-01','Norway',6);
INSERT INTO authors (author_id,first_name,last_name,birthday,country_residence,writing_hours_per_day) VALUES ('AW980','Amelia','Wangerin, Jr.','2141-03-26','New Zealand',16);
INSERT INTO authors (author_id,first_name,last_name,birthday,country_residence,writing_hours_per_day) VALUES ('AI923','Anastasia','Inez','2148-03-30','New Zealand',11);
INSERT INTO authors (author_id,first_name,last_name,birthday,country_residence,writing_hours_per_day) VALUES ('AM329','Arthur','McCrumb','2148-03-13','New Zealand',3);
INSERT INTO authors (author_id,first_name,last_name,birthday,country_residence,writing_hours_per_day) VALUES ('AH957','Arturo','Hijuelos','2129-01-09','United Kingdom',8);
INSERT INTO authors (author_id,first_name,last_name,birthday,country_residence,writing_hours_per_day) VALUES ('BH149','Bernard','Hopf','2122-11-27','United States',1);
INSERT INTO authors (author_id,first_name,last_name,birthday,country_residence,writing_hours_per_day) VALUES ('BT132','Bianca','Thompson','2150-01-28','United States',5);
INSERT INTO authors (author_id,first_name,last_name,birthday,country_residence,writing_hours_per_day) VALUES ('BL857','Bravig','Lewisohn','2238-01-21','United States',11);
INSERT INTO authors (author_id,first_name,last_name,birthday,country_residence,writing_hours_per_day) VALUES ('BM856','Burton','Malamud','2145-01-18','Brazil',6);
INSERT INTO authors (author_id,first_name,last_name,birthday,country_residence,writing_hours_per_day) VALUES ('CS190','Carolyn','Segal','2133-09-24','United States',7);
INSERT INTO authors (author_id,first_name,last_name,birthday,country_residence,writing_hours_per_day) VALUES ('CF829','Charles','Fenimore','2120-03-18','Norway',7);
INSERT INTO authors (author_id,first_name,last_name,birthday,country_residence,writing_hours_per_day) VALUES ('CW626','Clifford','Wolitzer','2143-08-01','United Kingdom',8);
INSERT INTO authors (author_id,first_name,last_name,birthday,country_residence,writing_hours_per_day) VALUES ('DF413','Darryl','Fleischman','2131-12-07','Germany',16);
INSERT INTO authors (author_id,first_name,last_name,birthday,country_residence,writing_hours_per_day) VALUES ('DB605','David','Beam','2157-02-26','United States',5.13);
INSERT INTO authors (author_id,first_name,last_name,birthday,country_residence,writing_hours_per_day) VALUES ('EH487','Elizabeth','Herbach','2157-01-22','New Zealand',0);
INSERT INTO authors (author_id,first_name,last_name,birthday,country_residence,writing_hours_per_day) VALUES ('EK605','Elmer','Komroff','2129-07-11','Norway',6);
INSERT INTO authors (author_id,first_name,last_name,birthday,country_residence,writing_hours_per_day) VALUES ('GG800','Gloria','Green','2156-09-19','Hong Kong',8);
INSERT INTO authors (author_id,first_name,last_name,birthday,country_residence,writing_hours_per_day) VALUES ('GH671','Grace','Harrison','2161-04-08','United States',6);
INSERT INTO authors (author_id,first_name,last_name,birthday,country_residence,writing_hours_per_day) VALUES ('HM751','Hamlin','Myrer','2225-01-29','Brazil',9);
INSERT INTO authors (author_id,first_name,last_name,birthday,country_residence,writing_hours_per_day) VALUES ('HB302','Hillary','Barnhardt','2154-03-07','New Zealand',4);
INSERT INTO authors (author_id,first_name,last_name,birthday,country_residence,writing_hours_per_day) VALUES ('JH502','Jill','Hergesheimer','2156-06-15','Canada',8);
INSERT INTO authors (author_id,first_name,last_name,birthday,country_residence,writing_hours_per_day) VALUES ('JS525','John W.','Spanogle','2149-08-10','United Kingdom',10);
INSERT INTO authors (author_id,first_name,last_name,birthday,country_residence,writing_hours_per_day) VALUES ('JK592','Jonathan','Kotzwinkle','2151-02-03','Germany',6);
INSERT INTO authors (author_id,first_name,last_name,birthday,country_residence,writing_hours_per_day) VALUES ('KY296','Kathy','Yglesias','2151-04-03','Brazil',8);
INSERT INTO authors (author_id,first_name,last_name,birthday,country_residence,writing_hours_per_day) VALUES ('KD840','Kenneth','Douglas','2163-09-24','South Africa',3);
INSERT INTO authors (author_id,first_name,last_name,birthday,country_residence,writing_hours_per_day) VALUES ('KE397','Kris','Elegant','2149-08-26','Hong Kong',5);
INSERT INTO authors (author_id,first_name,last_name,birthday,country_residence,writing_hours_per_day) VALUES ('LL585','Langston','Lippman','2147-10-02','New Zealand',0);
INSERT INTO authors (author_id,first_name,last_name,birthday,country_residence,writing_hours_per_day) VALUES ('LN356','Leonard','Nabokov','2169-09-29','United States',1);
INSERT INTO authors (author_id,first_name,last_name,birthday,country_residence,writing_hours_per_day) VALUES ('LK915','Lori','Kaan','2147-03-27','China',6);
INSERT INTO authors (author_id,first_name,last_name,birthday,country_residence,writing_hours_per_day) VALUES ('LD375','Lynne','Danticat','2155-08-19','New Zealand',8);
INSERT INTO authors (author_id,first_name,last_name,birthday,country_residence,writing_hours_per_day) VALUES ('MW974','Malin','Wolff','2141-01-31','Hong Kong',6);
INSERT INTO authors (author_id,first_name,last_name,birthday,country_residence,writing_hours_per_day) VALUES ('OL640','Oliver','Lowry','2155-08-29','Netherlands',4);
INSERT INTO authors (author_id,first_name,last_name,birthday,country_residence,writing_hours_per_day) VALUES ('PH273','Patricia','Hazzard','2146-04-27','Singapore',5);
INSERT INTO authors (author_id,first_name,last_name,birthday,country_residence,writing_hours_per_day) VALUES ('PA878','Philip','Antrim','2148-04-22','Netherlands',7);
INSERT INTO authors (author_id,first_name,last_name,birthday,country_residence,writing_hours_per_day) VALUES ('PB147','Phoebe','Brown','2149-08-21','Hong Kong',13);
INSERT INTO authors (author_id,first_name,last_name,birthday,country_residence,writing_hours_per_day) VALUES ('RL217','R.M.','Larner','2130-03-26','China',9);
INSERT INTO authors (author_id,first_name,last_name,birthday,country_residence,writing_hours_per_day) VALUES ('RM781','Robert','Milofsky','2157-01-12','United States',10);
INSERT INTO authors (author_id,first_name,last_name,birthday,country_residence,writing_hours_per_day) VALUES ('RP438','Robert','Plimpton','2160-11-11','Canada',13);
INSERT INTO authors (author_id,first_name,last_name,birthday,country_residence,writing_hours_per_day) VALUES ('UK129','Ursula','Karénine','2156-02-25','United Kingdom',9);
INSERT INTO authors (author_id,first_name,last_name,birthday,country_residence,writing_hours_per_day) VALUES ('WH901','Ward','Haigh','2153-10-07','Brazil',7);
INSERT INTO authors (author_id,first_name,last_name,birthday,country_residence,writing_hours_per_day) VALUES ('WB149','Wendell','Barton','2138-10-25','United States',2);



INSERT INTO books (book_id,book_title,author_id) VALUES 
        ('BB194','Ballinby Boys','AM329'),
	('NC652','Nothing But Capers','AS443'),
	('AD222','Alanna Saves the Day','BH149'),
	('PA169','Post Alley','BM856'),
	('TC188','Thatchwork Cottage','BM856'),
	('ZT703','Zero over Twelve','BM856'),
	('PP866','Portmeirion','BT132'),
	('RR774','Rystwyth','BT132'),
	('TM925','The Mallemaroking','BT132'),
	('CH391','Can I Be Honest?','CF829'),
	('NL209','No More Lightning','CF829'),
	('NR695','9803 North Millworks Road','CS190'),
	('TH296','The Winchcombe Railway Museum Heist','CS190'),
	('MM424','(im)Mortality','CW626'),
	('TP887','the life and times of an utterly inconsequential person','DB605'),
	('LS176','Land Water Sky Space','EH487'),
	('AY135','And I Said Yes','EK605'),
	('IA439','Interrobangs for All','EK605'),
	('KA663','Kalakalal Avenue','EK605'),
	('BF889','Banana Slug and the Glass Half Full','GG800'),
	('NB483','Not to Gossip, But','GG800'),
	('TI225','The Thing Is','GG800'),
	('CP573','Concerning Prophecy','GH671'),
	('BC244','Banana Slug and the Lost Cow','HB302'),
	('BF374','Banana Slug and Xyr Friends','HB302'),
	('CC830','Cimornul','JH502'),
	('QQ737','Quiddity and Quoddity','JH502'),
	('TH556','The Startling End of Mr. Hidhoo','JK592'),
	('SS693','Say it with Snap!','JS525'),
	('TH143','The Elephant House','JS525'),
	('AM124','A Horrible Human with the Habits of a Monster','KD840'),
	('TT359','Turn Left Til You Get There','KE397'),
	('DR914','Dust on the Rim','KY296'),
	('TC401','Tales of the Compass','KY296'),
	('BS284','Burnished Silver','LD375'),
	('DY800','Did You Hear?','LD375'),
	('LB510','Lace and Brandy','LD375'),
	('MW621','Muddy Waters','LD375'),
	('SE355','Saint Esme','LD375'),
	('TO369','The Scent of Oranges','LD375'),
	('TS869','The Seawitch Sings','LD375'),
	('WG715','Whither Thou Goest','LD375'),
	('SS361','Some Eggs or Something?','LK915'),
	('HS107','Hashtag QuokkaSelfie','LL585'),
	('IG460','It''s Never Just a Glass','LN356'),
	('BR858','Banana Slug and the Mossy Rock','MW974'),
	('HP265','Heliotrope Pajamas','MW974'),
	('IC739','Inconvenient Confessions: a memoir','OL640'),
	('WK456','Who Did You Think You Were Kidding?','PA878'),
	('NP937','Natural Pamplemousse','PB147'),
	('WO506','We''re Sisters and We Kinda Like Each Other','PH273'),
	('DE571','Don''t Check your Ego','RL217'),
	('ST303','Soft, Pliable Truth','RP438'),
	('ST862','She Also Tottered','RP438'),
	('TA182','The Spark and The Ashes','UK129'),
	('TT773','The Triscanipt','UK129'),
	('AK974','Adventures of Kaya','WH901'),
	('DG384','The Deep Grey','RM781');


INSERT INTO checkouts (book_id,checkout_month,checkout_count) VALUES ('AD222',1,40);
INSERT INTO checkouts (book_id,checkout_month,checkout_count) VALUES ('AD222',3,39);
INSERT INTO checkouts (book_id,checkout_month,checkout_count) VALUES ('AD222',11,34);
INSERT INTO checkouts (book_id,checkout_month,checkout_count) VALUES ('AD222',4,33);
INSERT INTO checkouts (book_id,checkout_month,checkout_count) VALUES ('AD222',5,33);
INSERT INTO checkouts (book_id,checkout_month,checkout_count) VALUES ('AD222',6,31);
INSERT INTO checkouts (book_id,checkout_month,checkout_count) VALUES ('AD222',12,31);
INSERT INTO checkouts (book_id,checkout_month,checkout_count) VALUES ('AD222',7,30);
INSERT INTO checkouts (book_id,checkout_month,checkout_count) VALUES ('AD222',9,30);
INSERT INTO checkouts (book_id,checkout_month,checkout_count) VALUES ('AD222',2,29);
INSERT INTO checkouts (book_id,checkout_month,checkout_count) VALUES ('AD222',8,29);
INSERT INTO checkouts (book_id,checkout_month,checkout_count) VALUES ('AD222',10,25);
INSERT INTO checkouts (book_id,checkout_month,checkout_count) VALUES ('AK974',8,64);
INSERT INTO checkouts (book_id,checkout_month,checkout_count) VALUES ('AK974',9,61);
INSERT INTO checkouts (book_id,checkout_month,checkout_count) VALUES ('AK974',1,56);
INSERT INTO checkouts (book_id,checkout_month,checkout_count) VALUES ('AK974',10,50);
INSERT INTO checkouts (book_id,checkout_month,checkout_count) VALUES ('AK974',11,49);
INSERT INTO checkouts (book_id,checkout_month,checkout_count) VALUES ('AK974',12,47);
INSERT INTO checkouts (book_id,checkout_month,checkout_count) VALUES ('AK974',2,29);
INSERT INTO checkouts (book_id,checkout_month,checkout_count) VALUES ('AK974',3,26);
INSERT INTO checkouts (book_id,checkout_month,checkout_count) VALUES ('AK974',7,24);
INSERT INTO checkouts (book_id,checkout_month,checkout_count) VALUES ('AK974',5,21);
INSERT INTO checkouts (book_id,checkout_month,checkout_count) VALUES ('AK974',6,21);
INSERT INTO checkouts (book_id,checkout_month,checkout_count) VALUES ('AK974',4,16);
INSERT INTO checkouts (book_id,checkout_month,checkout_count) VALUES ('AM124',7,9);
INSERT INTO checkouts (book_id,checkout_month,checkout_count) VALUES ('AM124',8,9);
INSERT INTO checkouts (book_id,checkout_month,checkout_count) VALUES ('AM124',4,7);
INSERT INTO checkouts (book_id,checkout_month,checkout_count) VALUES ('AM124',5,6);
INSERT INTO checkouts (book_id,checkout_month,checkout_count) VALUES ('AM124',6,6);
INSERT INTO checkouts (book_id,checkout_month,checkout_count) VALUES ('AM124',3,5);
INSERT INTO checkouts (book_id,checkout_month,checkout_count) VALUES ('AM124',1,4);
INSERT INTO checkouts (book_id,checkout_month,checkout_count) VALUES ('AM124',2,4);
INSERT INTO checkouts (book_id,checkout_month,checkout_count) VALUES ('AM124',9,4);
INSERT INTO checkouts (book_id,checkout_month,checkout_count) VALUES ('AM124',10,4);
INSERT INTO checkouts (book_id,checkout_month,checkout_count) VALUES ('AM124',11,4);
INSERT INTO checkouts (book_id,checkout_month,checkout_count) VALUES ('AM124',12,3);
INSERT INTO checkouts (book_id,checkout_month,checkout_count) VALUES ('AY135',8,10);
INSERT INTO checkouts (book_id,checkout_month,checkout_count) VALUES ('AY135',9,10);
INSERT INTO checkouts (book_id,checkout_month,checkout_count) VALUES ('AY135',2,9);
INSERT INTO checkouts (book_id,checkout_month,checkout_count) VALUES ('AY135',3,9);
INSERT INTO checkouts (book_id,checkout_month,checkout_count) VALUES ('AY135',6,9);
INSERT INTO checkouts (book_id,checkout_month,checkout_count) VALUES ('AY135',4,8);
INSERT INTO checkouts (book_id,checkout_month,checkout_count) VALUES ('AY135',7,8);
INSERT INTO checkouts (book_id,checkout_month,checkout_count) VALUES ('AY135',5,7);
INSERT INTO checkouts (book_id,checkout_month,checkout_count) VALUES ('AY135',11,7);
INSERT INTO checkouts (book_id,checkout_month,checkout_count) VALUES ('AY135',10,6);
INSERT INTO checkouts (book_id,checkout_month,checkout_count) VALUES ('AY135',1,5);
INSERT INTO checkouts (book_id,checkout_month,checkout_count) VALUES ('AY135',12,5);
INSERT INTO checkouts (book_id,checkout_month,checkout_count) VALUES ('BB194',3,33);
INSERT INTO checkouts (book_id,checkout_month,checkout_count) VALUES ('BB194',4,33);
INSERT INTO checkouts (book_id,checkout_month,checkout_count) VALUES ('BB194',5,32);
INSERT INTO checkouts (book_id,checkout_month,checkout_count) VALUES ('BB194',6,29);
INSERT INTO checkouts (book_id,checkout_month,checkout_count) VALUES ('BB194',7,29);
INSERT INTO checkouts (book_id,checkout_month,checkout_count) VALUES ('BB194',8,28);
INSERT INTO checkouts (book_id,checkout_month,checkout_count) VALUES ('BB194',1,27);
INSERT INTO checkouts (book_id,checkout_month,checkout_count) VALUES ('BB194',2,26);
INSERT INTO checkouts (book_id,checkout_month,checkout_count) VALUES ('BB194',9,25);
INSERT INTO checkouts (book_id,checkout_month,checkout_count) VALUES ('BB194',12,24);
INSERT INTO checkouts (book_id,checkout_month,checkout_count) VALUES ('BB194',10,21);
INSERT INTO checkouts (book_id,checkout_month,checkout_count) VALUES ('BB194',11,21);
INSERT INTO checkouts (book_id,checkout_month,checkout_count) VALUES ('BC244',1,21);
INSERT INTO checkouts (book_id,checkout_month,checkout_count) VALUES ('BC244',6,21);
INSERT INTO checkouts (book_id,checkout_month,checkout_count) VALUES ('BC244',2,19);
INSERT INTO checkouts (book_id,checkout_month,checkout_count) VALUES ('BC244',3,19);
INSERT INTO checkouts (book_id,checkout_month,checkout_count) VALUES ('BC244',4,19);
INSERT INTO checkouts (book_id,checkout_month,checkout_count) VALUES ('BC244',5,19);
INSERT INTO checkouts (book_id,checkout_month,checkout_count) VALUES ('BC244',7,19);
INSERT INTO checkouts (book_id,checkout_month,checkout_count) VALUES ('BC244',8,19);
INSERT INTO checkouts (book_id,checkout_month,checkout_count) VALUES ('BC244',9,16);
INSERT INTO checkouts (book_id,checkout_month,checkout_count) VALUES ('BC244',10,16);
INSERT INTO checkouts (book_id,checkout_month,checkout_count) VALUES ('BC244',11,16);
INSERT INTO checkouts (book_id,checkout_month,checkout_count) VALUES ('BC244',12,14);
INSERT INTO checkouts (book_id,checkout_month,checkout_count) VALUES ('BF374',9,28);
INSERT INTO checkouts (book_id,checkout_month,checkout_count) VALUES ('BF374',10,25);
INSERT INTO checkouts (book_id,checkout_month,checkout_count) VALUES ('BF374',1,24);
INSERT INTO checkouts (book_id,checkout_month,checkout_count) VALUES ('BF374',2,22);
INSERT INTO checkouts (book_id,checkout_month,checkout_count) VALUES ('BF374',8,21);
INSERT INTO checkouts (book_id,checkout_month,checkout_count) VALUES ('BF374',5,20);
INSERT INTO checkouts (book_id,checkout_month,checkout_count) VALUES ('BF374',11,20);
INSERT INTO checkouts (book_id,checkout_month,checkout_count) VALUES ('BF374',3,19);
INSERT INTO checkouts (book_id,checkout_month,checkout_count) VALUES ('BF374',12,19);
INSERT INTO checkouts (book_id,checkout_month,checkout_count) VALUES ('BF374',4,17);
INSERT INTO checkouts (book_id,checkout_month,checkout_count) VALUES ('BF374',7,17);
INSERT INTO checkouts (book_id,checkout_month,checkout_count) VALUES ('BF374',6,15);
INSERT INTO checkouts (book_id,checkout_month,checkout_count) VALUES ('BF889',7,16);
INSERT INTO checkouts (book_id,checkout_month,checkout_count) VALUES ('BF889',6,15);
INSERT INTO checkouts (book_id,checkout_month,checkout_count) VALUES ('BF889',1,13);
INSERT INTO checkouts (book_id,checkout_month,checkout_count) VALUES ('BF889',5,13);
INSERT INTO checkouts (book_id,checkout_month,checkout_count) VALUES ('BF889',8,13);
INSERT INTO checkouts (book_id,checkout_month,checkout_count) VALUES ('BF889',3,12);
INSERT INTO checkouts (book_id,checkout_month,checkout_count) VALUES ('BF889',4,12);
INSERT INTO checkouts (book_id,checkout_month,checkout_count) VALUES ('BF889',10,12);
INSERT INTO checkouts (book_id,checkout_month,checkout_count) VALUES ('BF889',11,12);
INSERT INTO checkouts (book_id,checkout_month,checkout_count) VALUES ('BF889',12,12);
INSERT INTO checkouts (book_id,checkout_month,checkout_count) VALUES ('BF889',9,11);
INSERT INTO checkouts (book_id,checkout_month,checkout_count) VALUES ('BF889',2,10);
INSERT INTO checkouts (book_id,checkout_month,checkout_count) VALUES ('BR858',7,13);
INSERT INTO checkouts (book_id,checkout_month,checkout_count) VALUES ('BR858',9,12);
INSERT INTO checkouts (book_id,checkout_month,checkout_count) VALUES ('BR858',6,11);
INSERT INTO checkouts (book_id,checkout_month,checkout_count) VALUES ('BR858',10,11);
INSERT INTO checkouts (book_id,checkout_month,checkout_count) VALUES ('BR858',8,10);
INSERT INTO checkouts (book_id,checkout_month,checkout_count) VALUES ('BR858',11,10);
INSERT INTO checkouts (book_id,checkout_month,checkout_count) VALUES ('BR858',1,8);
INSERT INTO checkouts (book_id,checkout_month,checkout_count) VALUES ('BR858',5,8);
INSERT INTO checkouts (book_id,checkout_month,checkout_count) VALUES ('BR858',3,7);
INSERT INTO checkouts (book_id,checkout_month,checkout_count) VALUES ('BR858',4,7);
INSERT INTO checkouts (book_id,checkout_month,checkout_count) VALUES ('BR858',2,6);
INSERT INTO checkouts (book_id,checkout_month,checkout_count) VALUES ('BR858',12,6);
INSERT INTO checkouts (book_id,checkout_month,checkout_count) VALUES ('BS284',2,36);
INSERT INTO checkouts (book_id,checkout_month,checkout_count) VALUES ('BS284',3,34);
INSERT INTO checkouts (book_id,checkout_month,checkout_count) VALUES ('BS284',4,33);
INSERT INTO checkouts (book_id,checkout_month,checkout_count) VALUES ('BS284',6,17);
INSERT INTO checkouts (book_id,checkout_month,checkout_count) VALUES ('BS284',7,17);
INSERT INTO checkouts (book_id,checkout_month,checkout_count) VALUES ('BS284',5,16);
INSERT INTO checkouts (book_id,checkout_month,checkout_count) VALUES ('BS284',8,16);
INSERT INTO checkouts (book_id,checkout_month,checkout_count) VALUES ('BS284',10,13);
INSERT INTO checkouts (book_id,checkout_month,checkout_count) VALUES ('BS284',9,12);
INSERT INTO checkouts (book_id,checkout_month,checkout_count) VALUES ('BS284',11,9);
INSERT INTO checkouts (book_id,checkout_month,checkout_count) VALUES ('BS284',12,9);
INSERT INTO checkouts (book_id,checkout_month,checkout_count) VALUES ('BS284',1,7);
INSERT INTO checkouts (book_id,checkout_month,checkout_count) VALUES ('CH391',3,11);
INSERT INTO checkouts (book_id,checkout_month,checkout_count) VALUES ('CH391',10,11);
INSERT INTO checkouts (book_id,checkout_month,checkout_count) VALUES ('CH391',8,10);
INSERT INTO checkouts (book_id,checkout_month,checkout_count) VALUES ('CH391',9,10);
INSERT INTO checkouts (book_id,checkout_month,checkout_count) VALUES ('CH391',12,9);
INSERT INTO checkouts (book_id,checkout_month,checkout_count) VALUES ('CH391',1,8);
INSERT INTO checkouts (book_id,checkout_month,checkout_count) VALUES ('CH391',6,7);
INSERT INTO checkouts (book_id,checkout_month,checkout_count) VALUES ('CH391',7,7);
INSERT INTO checkouts (book_id,checkout_month,checkout_count) VALUES ('CH391',11,7);
INSERT INTO checkouts (book_id,checkout_month,checkout_count) VALUES ('CH391',2,6);
INSERT INTO checkouts (book_id,checkout_month,checkout_count) VALUES ('CH391',5,6);
INSERT INTO checkouts (book_id,checkout_month,checkout_count) VALUES ('CH391',4,5);
INSERT INTO checkouts (book_id,checkout_month,checkout_count) VALUES ('CH392',3,11);
INSERT INTO checkouts (book_id,checkout_month,checkout_count) VALUES ('CH392',10,11);
INSERT INTO checkouts (book_id,checkout_month,checkout_count) VALUES ('CH392',8,10);
INSERT INTO checkouts (book_id,checkout_month,checkout_count) VALUES ('CH392',9,10);
INSERT INTO checkouts (book_id,checkout_month,checkout_count) VALUES ('CH392',12,9);
INSERT INTO checkouts (book_id,checkout_month,checkout_count) VALUES ('CH392',1,8);
INSERT INTO checkouts (book_id,checkout_month,checkout_count) VALUES ('CH392',6,7);
INSERT INTO checkouts (book_id,checkout_month,checkout_count) VALUES ('CH392',7,7);
INSERT INTO checkouts (book_id,checkout_month,checkout_count) VALUES ('CH392',11,7);
INSERT INTO checkouts (book_id,checkout_month,checkout_count) VALUES ('CH392',2,6);
INSERT INTO checkouts (book_id,checkout_month,checkout_count) VALUES ('CH392',5,6);
INSERT INTO checkouts (book_id,checkout_month,checkout_count) VALUES ('CH392',4,5);
INSERT INTO checkouts (book_id,checkout_month,checkout_count) VALUES ('CP573',7,10);
INSERT INTO checkouts (book_id,checkout_month,checkout_count) VALUES ('CP573',1,8);
INSERT INTO checkouts (book_id,checkout_month,checkout_count) VALUES ('CP573',5,7);
INSERT INTO checkouts (book_id,checkout_month,checkout_count) VALUES ('CP573',4,6);
INSERT INTO checkouts (book_id,checkout_month,checkout_count) VALUES ('CP573',6,6);
INSERT INTO checkouts (book_id,checkout_month,checkout_count) VALUES ('CP573',8,6);
INSERT INTO checkouts (book_id,checkout_month,checkout_count) VALUES ('CP573',9,6);
INSERT INTO checkouts (book_id,checkout_month,checkout_count) VALUES ('CP573',11,6);
INSERT INTO checkouts (book_id,checkout_month,checkout_count) VALUES ('CP573',3,5);
INSERT INTO checkouts (book_id,checkout_month,checkout_count) VALUES ('CP573',10,5);
INSERT INTO checkouts (book_id,checkout_month,checkout_count) VALUES ('CP573',12,4);
INSERT INTO checkouts (book_id,checkout_month,checkout_count) VALUES ('CP573',2,2);
INSERT INTO checkouts (book_id,checkout_month,checkout_count) VALUES ('DE571',11,10);
INSERT INTO checkouts (book_id,checkout_month,checkout_count) VALUES ('DE571',1,9);
INSERT INTO checkouts (book_id,checkout_month,checkout_count) VALUES ('DE571',10,9);
INSERT INTO checkouts (book_id,checkout_month,checkout_count) VALUES ('DE571',2,8);
INSERT INTO checkouts (book_id,checkout_month,checkout_count) VALUES ('DE571',3,8);
INSERT INTO checkouts (book_id,checkout_month,checkout_count) VALUES ('DE571',4,8);
INSERT INTO checkouts (book_id,checkout_month,checkout_count) VALUES ('DE571',9,7);
INSERT INTO checkouts (book_id,checkout_month,checkout_count) VALUES ('DE571',7,6);
INSERT INTO checkouts (book_id,checkout_month,checkout_count) VALUES ('DE571',12,6);
INSERT INTO checkouts (book_id,checkout_month,checkout_count) VALUES ('DE571',6,4);
INSERT INTO checkouts (book_id,checkout_month,checkout_count) VALUES ('DE571',8,4);
INSERT INTO checkouts (book_id,checkout_month,checkout_count) VALUES ('DE571',5,3);
INSERT INTO checkouts (book_id,checkout_month,checkout_count) VALUES ('DR914',7,10);
INSERT INTO checkouts (book_id,checkout_month,checkout_count) VALUES ('DR914',1,8);
INSERT INTO checkouts (book_id,checkout_month,checkout_count) VALUES ('DR914',3,8);
INSERT INTO checkouts (book_id,checkout_month,checkout_count) VALUES ('DR914',4,8);
INSERT INTO checkouts (book_id,checkout_month,checkout_count) VALUES ('DR914',5,8);
INSERT INTO checkouts (book_id,checkout_month,checkout_count) VALUES ('DR914',6,8);
INSERT INTO checkouts (book_id,checkout_month,checkout_count) VALUES ('DR914',9,8);
INSERT INTO checkouts (book_id,checkout_month,checkout_count) VALUES ('DR914',2,7);
INSERT INTO checkouts (book_id,checkout_month,checkout_count) VALUES ('DR914',8,7);
INSERT INTO checkouts (book_id,checkout_month,checkout_count) VALUES ('DR914',11,7);
INSERT INTO checkouts (book_id,checkout_month,checkout_count) VALUES ('DR914',10,6);
INSERT INTO checkouts (book_id,checkout_month,checkout_count) VALUES ('DR914',12,4);
INSERT INTO checkouts (book_id,checkout_month,checkout_count) VALUES ('HP265',1,104);
INSERT INTO checkouts (book_id,checkout_month,checkout_count) VALUES ('HP265',3,90);
INSERT INTO checkouts (book_id,checkout_month,checkout_count) VALUES ('HP265',2,83);
INSERT INTO checkouts (book_id,checkout_month,checkout_count) VALUES ('HP265',4,83);
INSERT INTO checkouts (book_id,checkout_month,checkout_count) VALUES ('HP265',7,82);
INSERT INTO checkouts (book_id,checkout_month,checkout_count) VALUES ('HP265',5,79);
INSERT INTO checkouts (book_id,checkout_month,checkout_count) VALUES ('HP265',12,73);
INSERT INTO checkouts (book_id,checkout_month,checkout_count) VALUES ('HP265',6,68);
INSERT INTO checkouts (book_id,checkout_month,checkout_count) VALUES ('HP265',11,62);
INSERT INTO checkouts (book_id,checkout_month,checkout_count) VALUES ('HP265',8,64);
INSERT INTO checkouts (book_id,checkout_month,checkout_count) VALUES ('HP265',9,64);
INSERT INTO checkouts (book_id,checkout_month,checkout_count) VALUES ('HP265',10,57);
INSERT INTO checkouts (book_id,checkout_month,checkout_count) VALUES ('HS107',7,6);
INSERT INTO checkouts (book_id,checkout_month,checkout_count) VALUES ('HS107',9,6);
INSERT INTO checkouts (book_id,checkout_month,checkout_count) VALUES ('HS107',1,5);
INSERT INTO checkouts (book_id,checkout_month,checkout_count) VALUES ('HS107',5,5);
INSERT INTO checkouts (book_id,checkout_month,checkout_count) VALUES ('HS107',8,5);
INSERT INTO checkouts (book_id,checkout_month,checkout_count) VALUES ('HS107',4,4);
INSERT INTO checkouts (book_id,checkout_month,checkout_count) VALUES ('HS107',6,4);
INSERT INTO checkouts (book_id,checkout_month,checkout_count) VALUES ('HS107',3,3);
INSERT INTO checkouts (book_id,checkout_month,checkout_count) VALUES ('HS107',10,3);
INSERT INTO checkouts (book_id,checkout_month,checkout_count) VALUES ('HS107',11,3);
INSERT INTO checkouts (book_id,checkout_month,checkout_count) VALUES ('HS107',2,2);
INSERT INTO checkouts (book_id,checkout_month,checkout_count) VALUES ('IA439',8,6);
INSERT INTO checkouts (book_id,checkout_month,checkout_count) VALUES ('IA439',9,6);
INSERT INTO checkouts (book_id,checkout_month,checkout_count) VALUES ('IA439',4,5);
INSERT INTO checkouts (book_id,checkout_month,checkout_count) VALUES ('IA439',6,5);
INSERT INTO checkouts (book_id,checkout_month,checkout_count) VALUES ('IA439',7,5);
INSERT INTO checkouts (book_id,checkout_month,checkout_count) VALUES ('IA439',11,5);
INSERT INTO checkouts (book_id,checkout_month,checkout_count) VALUES ('IA439',5,4);
INSERT INTO checkouts (book_id,checkout_month,checkout_count) VALUES ('IA439',10,4);
INSERT INTO checkouts (book_id,checkout_month,checkout_count) VALUES ('IA439',1,3);
INSERT INTO checkouts (book_id,checkout_month,checkout_count) VALUES ('IA439',3,3);
INSERT INTO checkouts (book_id,checkout_month,checkout_count) VALUES ('IA439',12,3);
INSERT INTO checkouts (book_id,checkout_month,checkout_count) VALUES ('IA439',2,2);
INSERT INTO checkouts (book_id,checkout_month,checkout_count) VALUES ('IG460',9,9);
INSERT INTO checkouts (book_id,checkout_month,checkout_count) VALUES ('IG460',1,8);
INSERT INTO checkouts (book_id,checkout_month,checkout_count) VALUES ('IG460',5,8);
INSERT INTO checkouts (book_id,checkout_month,checkout_count) VALUES ('IG460',6,7);
INSERT INTO checkouts (book_id,checkout_month,checkout_count) VALUES ('IG460',7,7);
INSERT INTO checkouts (book_id,checkout_month,checkout_count) VALUES ('IG460',8,7);
INSERT INTO checkouts (book_id,checkout_month,checkout_count) VALUES ('IG460',2,6);
INSERT INTO checkouts (book_id,checkout_month,checkout_count) VALUES ('IG460',3,6);
INSERT INTO checkouts (book_id,checkout_month,checkout_count) VALUES ('IG460',4,6);
INSERT INTO checkouts (book_id,checkout_month,checkout_count) VALUES ('IG460',10,6);
INSERT INTO checkouts (book_id,checkout_month,checkout_count) VALUES ('IG460',11,5);
INSERT INTO checkouts (book_id,checkout_month,checkout_count) VALUES ('IG460',12,4);
INSERT INTO checkouts (book_id,checkout_month,checkout_count) VALUES ('IC739',10,7);
INSERT INTO checkouts (book_id,checkout_month,checkout_count) VALUES ('IC739',6,6);
INSERT INTO checkouts (book_id,checkout_month,checkout_count) VALUES ('IC739',7,6);
INSERT INTO checkouts (book_id,checkout_month,checkout_count) VALUES ('IC739',3,5);
INSERT INTO checkouts (book_id,checkout_month,checkout_count) VALUES ('IC739',8,5);
INSERT INTO checkouts (book_id,checkout_month,checkout_count) VALUES ('IC739',9,5);
INSERT INTO checkouts (book_id,checkout_month,checkout_count) VALUES ('IC739',12,5);
INSERT INTO checkouts (book_id,checkout_month,checkout_count) VALUES ('IC739',1,4);
INSERT INTO checkouts (book_id,checkout_month,checkout_count) VALUES ('IC739',2,4);
INSERT INTO checkouts (book_id,checkout_month,checkout_count) VALUES ('IC739',4,4);
INSERT INTO checkouts (book_id,checkout_month,checkout_count) VALUES ('IC739',5,4);
INSERT INTO checkouts (book_id,checkout_month,checkout_count) VALUES ('IC739',11,4);
INSERT INTO checkouts (book_id,checkout_month,checkout_count) VALUES ('KA663',9,16);
INSERT INTO checkouts (book_id,checkout_month,checkout_count) VALUES ('KA663',8,15);
INSERT INTO checkouts (book_id,checkout_month,checkout_count) VALUES ('KA663',7,14);
INSERT INTO checkouts (book_id,checkout_month,checkout_count) VALUES ('KA663',10,14);
INSERT INTO checkouts (book_id,checkout_month,checkout_count) VALUES ('KA663',11,14);
INSERT INTO checkouts (book_id,checkout_month,checkout_count) VALUES ('KA663',1,13);
INSERT INTO checkouts (book_id,checkout_month,checkout_count) VALUES ('KA663',4,12);
INSERT INTO checkouts (book_id,checkout_month,checkout_count) VALUES ('KA663',5,12);
INSERT INTO checkouts (book_id,checkout_month,checkout_count) VALUES ('KA663',12,12);
INSERT INTO checkouts (book_id,checkout_month,checkout_count) VALUES ('KA663',2,11);
INSERT INTO checkouts (book_id,checkout_month,checkout_count) VALUES ('KA663',3,11);
INSERT INTO checkouts (book_id,checkout_month,checkout_count) VALUES ('KA663',6,11);
INSERT INTO checkouts (book_id,checkout_month,checkout_count) VALUES ('LB510',7,21);
INSERT INTO checkouts (book_id,checkout_month,checkout_count) VALUES ('LB510',3,20);
INSERT INTO checkouts (book_id,checkout_month,checkout_count) VALUES ('LB510',1,19);
INSERT INTO checkouts (book_id,checkout_month,checkout_count) VALUES ('LB510',8,18);
INSERT INTO checkouts (book_id,checkout_month,checkout_count) VALUES ('LB510',5,17);
INSERT INTO checkouts (book_id,checkout_month,checkout_count) VALUES ('LB510',9,17);
INSERT INTO checkouts (book_id,checkout_month,checkout_count) VALUES ('LB510',11,17);
INSERT INTO checkouts (book_id,checkout_month,checkout_count) VALUES ('LB510',2,16);
INSERT INTO checkouts (book_id,checkout_month,checkout_count) VALUES ('LB510',4,16);
INSERT INTO checkouts (book_id,checkout_month,checkout_count) VALUES ('LB510',6,16);
INSERT INTO checkouts (book_id,checkout_month,checkout_count) VALUES ('LB510',10,16);
INSERT INTO checkouts (book_id,checkout_month,checkout_count) VALUES ('LB510',12,14);
INSERT INTO checkouts (book_id,checkout_month,checkout_count) VALUES ('LS176',4,3);
INSERT INTO checkouts (book_id,checkout_month,checkout_count) VALUES ('MM424',8,5);
INSERT INTO checkouts (book_id,checkout_month,checkout_count) VALUES ('MM424',3,4);
INSERT INTO checkouts (book_id,checkout_month,checkout_count) VALUES ('MM424',4,4);
INSERT INTO checkouts (book_id,checkout_month,checkout_count) VALUES ('MM424',5,4);
INSERT INTO checkouts (book_id,checkout_month,checkout_count) VALUES ('MM424',6,4);
INSERT INTO checkouts (book_id,checkout_month,checkout_count) VALUES ('MM424',7,4);
INSERT INTO checkouts (book_id,checkout_month,checkout_count) VALUES ('MM424',9,4);
INSERT INTO checkouts (book_id,checkout_month,checkout_count) VALUES ('MM424',2,3);
INSERT INTO checkouts (book_id,checkout_month,checkout_count) VALUES ('MM424',10,3);
INSERT INTO checkouts (book_id,checkout_month,checkout_count) VALUES ('MM424',11,3);
INSERT INTO checkouts (book_id,checkout_month,checkout_count) VALUES ('MM424',12,3);
INSERT INTO checkouts (book_id,checkout_month,checkout_count) VALUES ('MM424',1,2);
INSERT INTO checkouts (book_id,checkout_month,checkout_count) VALUES ('MW621',1,53);
INSERT INTO checkouts (book_id,checkout_month,checkout_count) VALUES ('MW621',7,52);
INSERT INTO checkouts (book_id,checkout_month,checkout_count) VALUES ('MW621',11,51);
INSERT INTO checkouts (book_id,checkout_month,checkout_count) VALUES ('MW621',3,50);
INSERT INTO checkouts (book_id,checkout_month,checkout_count) VALUES ('MW621',8,50);
INSERT INTO checkouts (book_id,checkout_month,checkout_count) VALUES ('MW621',4,48);
INSERT INTO checkouts (book_id,checkout_month,checkout_count) VALUES ('MW621',2,47);
INSERT INTO checkouts (book_id,checkout_month,checkout_count) VALUES ('MW621',5,47);
INSERT INTO checkouts (book_id,checkout_month,checkout_count) VALUES ('MW621',6,46);
INSERT INTO checkouts (book_id,checkout_month,checkout_count) VALUES ('MW621',9,44);
INSERT INTO checkouts (book_id,checkout_month,checkout_count) VALUES ('MW621',10,43);
INSERT INTO checkouts (book_id,checkout_month,checkout_count) VALUES ('MW621',12,41);
INSERT INTO checkouts (book_id,checkout_month,checkout_count) VALUES ('NC652',8,5);
INSERT INTO checkouts (book_id,checkout_month,checkout_count) VALUES ('NC652',5,4);
INSERT INTO checkouts (book_id,checkout_month,checkout_count) VALUES ('NC652',7,4);
INSERT INTO checkouts (book_id,checkout_month,checkout_count) VALUES ('NC652',9,4);
INSERT INTO checkouts (book_id,checkout_month,checkout_count) VALUES ('NC652',4,3);
INSERT INTO checkouts (book_id,checkout_month,checkout_count) VALUES ('NC652',6,3);
INSERT INTO checkouts (book_id,checkout_month,checkout_count) VALUES ('NC652',10,3);
INSERT INTO checkouts (book_id,checkout_month,checkout_count) VALUES ('NC652',11,3);
INSERT INTO checkouts (book_id,checkout_month,checkout_count) VALUES ('NC652',12,3);
INSERT INTO checkouts (book_id,checkout_month,checkout_count) VALUES ('NC652',1,2);
INSERT INTO checkouts (book_id,checkout_month,checkout_count) VALUES ('NC652',2,2);
INSERT INTO checkouts (book_id,checkout_month,checkout_count) VALUES ('NC652',3,2);
INSERT INTO checkouts (book_id,checkout_month,checkout_count) VALUES ('NL209',7,13);
INSERT INTO checkouts (book_id,checkout_month,checkout_count) VALUES ('NL209',3,12);
INSERT INTO checkouts (book_id,checkout_month,checkout_count) VALUES ('NL209',1,11);
INSERT INTO checkouts (book_id,checkout_month,checkout_count) VALUES ('NL209',4,11);
INSERT INTO checkouts (book_id,checkout_month,checkout_count) VALUES ('NL209',5,11);
INSERT INTO checkouts (book_id,checkout_month,checkout_count) VALUES ('NL209',6,11);
INSERT INTO checkouts (book_id,checkout_month,checkout_count) VALUES ('NL209',9,10);
INSERT INTO checkouts (book_id,checkout_month,checkout_count) VALUES ('NL209',10,10);
INSERT INTO checkouts (book_id,checkout_month,checkout_count) VALUES ('NL209',2,9);
INSERT INTO checkouts (book_id,checkout_month,checkout_count) VALUES ('NL209',8,9);
INSERT INTO checkouts (book_id,checkout_month,checkout_count) VALUES ('NL209',12,9);
INSERT INTO checkouts (book_id,checkout_month,checkout_count) VALUES ('NL209',11,8);
INSERT INTO checkouts (book_id,checkout_month,checkout_count) VALUES ('NP937',2,10);
INSERT INTO checkouts (book_id,checkout_month,checkout_count) VALUES ('NP937',4,8);
INSERT INTO checkouts (book_id,checkout_month,checkout_count) VALUES ('NP937',5,6);
INSERT INTO checkouts (book_id,checkout_month,checkout_count) VALUES ('NP937',7,6);
INSERT INTO checkouts (book_id,checkout_month,checkout_count) VALUES ('NP937',1,5);
INSERT INTO checkouts (book_id,checkout_month,checkout_count) VALUES ('NP937',6,5);
INSERT INTO checkouts (book_id,checkout_month,checkout_count) VALUES ('NP937',8,5);
INSERT INTO checkouts (book_id,checkout_month,checkout_count) VALUES ('NP937',3,4);
INSERT INTO checkouts (book_id,checkout_month,checkout_count) VALUES ('NP937',9,4);
INSERT INTO checkouts (book_id,checkout_month,checkout_count) VALUES ('NP937',11,4);
INSERT INTO checkouts (book_id,checkout_month,checkout_count) VALUES ('NR695',3,49);
INSERT INTO checkouts (book_id,checkout_month,checkout_count) VALUES ('NR695',7,45);
INSERT INTO checkouts (book_id,checkout_month,checkout_count) VALUES ('NR695',1,42);
INSERT INTO checkouts (book_id,checkout_month,checkout_count) VALUES ('NR695',6,42);
INSERT INTO checkouts (book_id,checkout_month,checkout_count) VALUES ('NR695',2,40);
INSERT INTO checkouts (book_id,checkout_month,checkout_count) VALUES ('NR695',10,40);
INSERT INTO checkouts (book_id,checkout_month,checkout_count) VALUES ('NR695',4,37);
INSERT INTO checkouts (book_id,checkout_month,checkout_count) VALUES ('NR695',5,37);
INSERT INTO checkouts (book_id,checkout_month,checkout_count) VALUES ('NR695',8,37);
INSERT INTO checkouts (book_id,checkout_month,checkout_count) VALUES ('NR695',11,37);
INSERT INTO checkouts (book_id,checkout_month,checkout_count) VALUES ('NR695',9,36);
INSERT INTO checkouts (book_id,checkout_month,checkout_count) VALUES ('NR695',12,27);
INSERT INTO checkouts (book_id,checkout_month,checkout_count) VALUES ('TC401',9,7);
INSERT INTO checkouts (book_id,checkout_month,checkout_count) VALUES ('TC401',3,6);
INSERT INTO checkouts (book_id,checkout_month,checkout_count) VALUES ('TC401',6,6);
INSERT INTO checkouts (book_id,checkout_month,checkout_count) VALUES ('TC401',8,6);
INSERT INTO checkouts (book_id,checkout_month,checkout_count) VALUES ('TC401',11,6);
INSERT INTO checkouts (book_id,checkout_month,checkout_count) VALUES ('TC401',12,6);
INSERT INTO checkouts (book_id,checkout_month,checkout_count) VALUES ('TC401',1,5);
INSERT INTO checkouts (book_id,checkout_month,checkout_count) VALUES ('TC401',2,5);
INSERT INTO checkouts (book_id,checkout_month,checkout_count) VALUES ('TC401',5,5);
INSERT INTO checkouts (book_id,checkout_month,checkout_count) VALUES ('TC401',7,5);
INSERT INTO checkouts (book_id,checkout_month,checkout_count) VALUES ('TC401',4,4);
INSERT INTO checkouts (book_id,checkout_month,checkout_count) VALUES ('TC401',10,4);
INSERT INTO checkouts (book_id,checkout_month,checkout_count) VALUES ('WK456',6,11);
INSERT INTO checkouts (book_id,checkout_month,checkout_count) VALUES ('WK456',1,9);
INSERT INTO checkouts (book_id,checkout_month,checkout_count) VALUES ('WK456',4,8);
INSERT INTO checkouts (book_id,checkout_month,checkout_count) VALUES ('WK456',8,8);
INSERT INTO checkouts (book_id,checkout_month,checkout_count) VALUES ('WK456',11,8);
INSERT INTO checkouts (book_id,checkout_month,checkout_count) VALUES ('WK456',2,7);
INSERT INTO checkouts (book_id,checkout_month,checkout_count) VALUES ('WK456',7,7);
INSERT INTO checkouts (book_id,checkout_month,checkout_count) VALUES ('WK456',5,6);
INSERT INTO checkouts (book_id,checkout_month,checkout_count) VALUES ('WK456',12,6);
INSERT INTO checkouts (book_id,checkout_month,checkout_count) VALUES ('WK456',3,5);
INSERT INTO checkouts (book_id,checkout_month,checkout_count) VALUES ('WK456',9,5);
INSERT INTO checkouts (book_id,checkout_month,checkout_count) VALUES ('WK456',10,5);
INSERT INTO checkouts (book_id,checkout_month,checkout_count) VALUES ('NB483',1,14);
INSERT INTO checkouts (book_id,checkout_month,checkout_count) VALUES ('NB483',3,13);
INSERT INTO checkouts (book_id,checkout_month,checkout_count) VALUES ('NB483',10,12);
INSERT INTO checkouts (book_id,checkout_month,checkout_count) VALUES ('NB483',9,11);
INSERT INTO checkouts (book_id,checkout_month,checkout_count) VALUES ('NB483',4,10);
INSERT INTO checkouts (book_id,checkout_month,checkout_count) VALUES ('NB483',5,10);
INSERT INTO checkouts (book_id,checkout_month,checkout_count) VALUES ('NB483',11,10);
INSERT INTO checkouts (book_id,checkout_month,checkout_count) VALUES ('NB483',12,10);
INSERT INTO checkouts (book_id,checkout_month,checkout_count) VALUES ('NB483',2,9);
INSERT INTO checkouts (book_id,checkout_month,checkout_count) VALUES ('NB483',7,9);
INSERT INTO checkouts (book_id,checkout_month,checkout_count) VALUES ('NB483',8,9);
INSERT INTO checkouts (book_id,checkout_month,checkout_count) VALUES ('NB483',6,8);
INSERT INTO checkouts (book_id,checkout_month,checkout_count) VALUES ('DY800',7,17);
INSERT INTO checkouts (book_id,checkout_month,checkout_count) VALUES ('DY800',8,14);
INSERT INTO checkouts (book_id,checkout_month,checkout_count) VALUES ('DY800',4,11);
INSERT INTO checkouts (book_id,checkout_month,checkout_count) VALUES ('DY800',5,11);
INSERT INTO checkouts (book_id,checkout_month,checkout_count) VALUES ('DY800',6,11);
INSERT INTO checkouts (book_id,checkout_month,checkout_count) VALUES ('DY800',9,9);
INSERT INTO checkouts (book_id,checkout_month,checkout_count) VALUES ('DY800',1,8);
INSERT INTO checkouts (book_id,checkout_month,checkout_count) VALUES ('DY800',3,8);
INSERT INTO checkouts (book_id,checkout_month,checkout_count) VALUES ('DY800',2,5);
INSERT INTO checkouts (book_id,checkout_month,checkout_count) VALUES ('DY800',10,5);
INSERT INTO checkouts (book_id,checkout_month,checkout_count) VALUES ('DY800',11,5);
INSERT INTO checkouts (book_id,checkout_month,checkout_count) VALUES ('DY800',12,5);
INSERT INTO checkouts (book_id,checkout_month,checkout_count) VALUES ('PA169',1,13);
INSERT INTO checkouts (book_id,checkout_month,checkout_count) VALUES ('PA169',2,12);
INSERT INTO checkouts (book_id,checkout_month,checkout_count) VALUES ('PA169',7,12);
INSERT INTO checkouts (book_id,checkout_month,checkout_count) VALUES ('PA169',10,12);
INSERT INTO checkouts (book_id,checkout_month,checkout_count) VALUES ('PA169',9,11);
INSERT INTO checkouts (book_id,checkout_month,checkout_count) VALUES ('PA169',11,11);
INSERT INTO checkouts (book_id,checkout_month,checkout_count) VALUES ('PA169',12,10);
INSERT INTO checkouts (book_id,checkout_month,checkout_count) VALUES ('PA169',3,9);
INSERT INTO checkouts (book_id,checkout_month,checkout_count) VALUES ('PA169',4,9);
INSERT INTO checkouts (book_id,checkout_month,checkout_count) VALUES ('PA169',8,9);
INSERT INTO checkouts (book_id,checkout_month,checkout_count) VALUES ('PA169',5,8);
INSERT INTO checkouts (book_id,checkout_month,checkout_count) VALUES ('PA169',6,7);
INSERT INTO checkouts (book_id,checkout_month,checkout_count) VALUES ('TH556',6,8);
INSERT INTO checkouts (book_id,checkout_month,checkout_count) VALUES ('TH556',3,7);
INSERT INTO checkouts (book_id,checkout_month,checkout_count) VALUES ('TH556',4,7);
INSERT INTO checkouts (book_id,checkout_month,checkout_count) VALUES ('TH556',7,7);
INSERT INTO checkouts (book_id,checkout_month,checkout_count) VALUES ('TH556',8,7);
INSERT INTO checkouts (book_id,checkout_month,checkout_count) VALUES ('TH556',5,6);
INSERT INTO checkouts (book_id,checkout_month,checkout_count) VALUES ('TH556',9,6);
INSERT INTO checkouts (book_id,checkout_month,checkout_count) VALUES ('TH556',1,5);
INSERT INTO checkouts (book_id,checkout_month,checkout_count) VALUES ('TH556',10,5);
INSERT INTO checkouts (book_id,checkout_month,checkout_count) VALUES ('TH556',11,5);
INSERT INTO checkouts (book_id,checkout_month,checkout_count) VALUES ('TH556',2,4);
INSERT INTO checkouts (book_id,checkout_month,checkout_count) VALUES ('TH556',12,4);
INSERT INTO checkouts (book_id,checkout_month,checkout_count) VALUES ('PP866',1,97);
INSERT INTO checkouts (book_id,checkout_month,checkout_count) VALUES ('PP866',2,77);
INSERT INTO checkouts (book_id,checkout_month,checkout_count) VALUES ('PP866',3,74);
INSERT INTO checkouts (book_id,checkout_month,checkout_count) VALUES ('PP866',4,52);
INSERT INTO checkouts (book_id,checkout_month,checkout_count) VALUES ('PP866',12,52);
INSERT INTO checkouts (book_id,checkout_month,checkout_count) VALUES ('PP866',11,49);
INSERT INTO checkouts (book_id,checkout_month,checkout_count) VALUES ('PP866',5,33);
INSERT INTO checkouts (book_id,checkout_month,checkout_count) VALUES ('PP866',10,33);
INSERT INTO checkouts (book_id,checkout_month,checkout_count) VALUES ('PP866',6,27);
INSERT INTO checkouts (book_id,checkout_month,checkout_count) VALUES ('PP866',7,21);
INSERT INTO checkouts (book_id,checkout_month,checkout_count) VALUES ('PP866',8,18);
INSERT INTO checkouts (book_id,checkout_month,checkout_count) VALUES ('PP866',9,14);
INSERT INTO checkouts (book_id,checkout_month,checkout_count) VALUES ('QQ737',11,6);
INSERT INTO checkouts (book_id,checkout_month,checkout_count) VALUES ('QQ737',6,5);
INSERT INTO checkouts (book_id,checkout_month,checkout_count) VALUES ('QQ737',9,5);
INSERT INTO checkouts (book_id,checkout_month,checkout_count) VALUES ('QQ737',1,4);
INSERT INTO checkouts (book_id,checkout_month,checkout_count) VALUES ('QQ737',3,4);
INSERT INTO checkouts (book_id,checkout_month,checkout_count) VALUES ('QQ737',5,4);
INSERT INTO checkouts (book_id,checkout_month,checkout_count) VALUES ('QQ737',7,4);
INSERT INTO checkouts (book_id,checkout_month,checkout_count) VALUES ('QQ737',8,4);
INSERT INTO checkouts (book_id,checkout_month,checkout_count) VALUES ('QQ737',2,3);
INSERT INTO checkouts (book_id,checkout_month,checkout_count) VALUES ('QQ737',4,3);
INSERT INTO checkouts (book_id,checkout_month,checkout_count) VALUES ('QQ737',10,3);
INSERT INTO checkouts (book_id,checkout_month,checkout_count) VALUES ('QQ737',12,3);
INSERT INTO checkouts (book_id,checkout_month,checkout_count) VALUES ('RR774',2,124);
INSERT INTO checkouts (book_id,checkout_month,checkout_count) VALUES ('RR774',10,120);
INSERT INTO checkouts (book_id,checkout_month,checkout_count) VALUES ('RR774',8,118);
INSERT INTO checkouts (book_id,checkout_month,checkout_count) VALUES ('RR774',4,116);
INSERT INTO checkouts (book_id,checkout_month,checkout_count) VALUES ('RR774',7,114);
INSERT INTO checkouts (book_id,checkout_month,checkout_count) VALUES ('RR774',9,114);
INSERT INTO checkouts (book_id,checkout_month,checkout_count) VALUES ('RR774',3,108);
INSERT INTO checkouts (book_id,checkout_month,checkout_count) VALUES ('RR774',5,105);
INSERT INTO checkouts (book_id,checkout_month,checkout_count) VALUES ('RR774',11,105);
INSERT INTO checkouts (book_id,checkout_month,checkout_count) VALUES ('RR774',6,102);
INSERT INTO checkouts (book_id,checkout_month,checkout_count) VALUES ('RR774',1,109);
INSERT INTO checkouts (book_id,checkout_month,checkout_count) VALUES ('RR774',12,97);
INSERT INTO checkouts (book_id,checkout_month,checkout_count) VALUES ('SE355',10,36);
INSERT INTO checkouts (book_id,checkout_month,checkout_count) VALUES ('SE355',4,35);
INSERT INTO checkouts (book_id,checkout_month,checkout_count) VALUES ('SE355',9,35);
INSERT INTO checkouts (book_id,checkout_month,checkout_count) VALUES ('SE355',1,34);
INSERT INTO checkouts (book_id,checkout_month,checkout_count) VALUES ('SE355',7,34);
INSERT INTO checkouts (book_id,checkout_month,checkout_count) VALUES ('SE355',8,34);
INSERT INTO checkouts (book_id,checkout_month,checkout_count) VALUES ('SE355',2,33);
INSERT INTO checkouts (book_id,checkout_month,checkout_count) VALUES ('SE355',3,33);
INSERT INTO checkouts (book_id,checkout_month,checkout_count) VALUES ('SE355',6,32);
INSERT INTO checkouts (book_id,checkout_month,checkout_count) VALUES ('SE355',11,32);
INSERT INTO checkouts (book_id,checkout_month,checkout_count) VALUES ('SE355',5,30);
INSERT INTO checkouts (book_id,checkout_month,checkout_count) VALUES ('SE355',12,25);
INSERT INTO checkouts (book_id,checkout_month,checkout_count) VALUES ('SS361',4,22);
INSERT INTO checkouts (book_id,checkout_month,checkout_count) VALUES ('SS361',7,22);
INSERT INTO checkouts (book_id,checkout_month,checkout_count) VALUES ('SS361',3,21);
INSERT INTO checkouts (book_id,checkout_month,checkout_count) VALUES ('SS361',8,21);
INSERT INTO checkouts (book_id,checkout_month,checkout_count) VALUES ('SS361',9,21);
INSERT INTO checkouts (book_id,checkout_month,checkout_count) VALUES ('SS361',11,21);
INSERT INTO checkouts (book_id,checkout_month,checkout_count) VALUES ('SS361',12,21);
INSERT INTO checkouts (book_id,checkout_month,checkout_count) VALUES ('SS361',1,20);
INSERT INTO checkouts (book_id,checkout_month,checkout_count) VALUES ('SS361',6,20);
INSERT INTO checkouts (book_id,checkout_month,checkout_count) VALUES ('SS361',2,19);
INSERT INTO checkouts (book_id,checkout_month,checkout_count) VALUES ('SS361',5,19);
INSERT INTO checkouts (book_id,checkout_month,checkout_count) VALUES ('SS361',10,19);
INSERT INTO checkouts (book_id,checkout_month,checkout_count) VALUES ('SS693',8,12);
INSERT INTO checkouts (book_id,checkout_month,checkout_count) VALUES ('SS693',10,12);
INSERT INTO checkouts (book_id,checkout_month,checkout_count) VALUES ('SS693',1,11);
INSERT INTO checkouts (book_id,checkout_month,checkout_count) VALUES ('SS693',2,10);
INSERT INTO checkouts (book_id,checkout_month,checkout_count) VALUES ('SS693',3,10);
INSERT INTO checkouts (book_id,checkout_month,checkout_count) VALUES ('SS693',6,10);
INSERT INTO checkouts (book_id,checkout_month,checkout_count) VALUES ('SS693',7,10);
INSERT INTO checkouts (book_id,checkout_month,checkout_count) VALUES ('SS693',11,10);
INSERT INTO checkouts (book_id,checkout_month,checkout_count) VALUES ('SS693',12,10);
INSERT INTO checkouts (book_id,checkout_month,checkout_count) VALUES ('SS693',4,9);
INSERT INTO checkouts (book_id,checkout_month,checkout_count) VALUES ('SS693',5,8);
INSERT INTO checkouts (book_id,checkout_month,checkout_count) VALUES ('SS693',9,8);
INSERT INTO checkouts (book_id,checkout_month,checkout_count) VALUES ('ST303',10,7);
INSERT INTO checkouts (book_id,checkout_month,checkout_count) VALUES ('ST303',9,6);
INSERT INTO checkouts (book_id,checkout_month,checkout_count) VALUES ('ST303',3,5);
INSERT INTO checkouts (book_id,checkout_month,checkout_count) VALUES ('ST303',5,5);
INSERT INTO checkouts (book_id,checkout_month,checkout_count) VALUES ('ST303',7,5);
INSERT INTO checkouts (book_id,checkout_month,checkout_count) VALUES ('ST303',11,5);
INSERT INTO checkouts (book_id,checkout_month,checkout_count) VALUES ('ST303',12,5);
INSERT INTO checkouts (book_id,checkout_month,checkout_count) VALUES ('ST303',4,4);
INSERT INTO checkouts (book_id,checkout_month,checkout_count) VALUES ('ST303',6,4);
INSERT INTO checkouts (book_id,checkout_month,checkout_count) VALUES ('ST303',8,4);
INSERT INTO checkouts (book_id,checkout_month,checkout_count) VALUES ('ST303',1,3);
INSERT INTO checkouts (book_id,checkout_month,checkout_count) VALUES ('ST303',2,3);
INSERT INTO checkouts (book_id,checkout_month,checkout_count) VALUES ('ST862',10,17);
INSERT INTO checkouts (book_id,checkout_month,checkout_count) VALUES ('ST862',1,15);
INSERT INTO checkouts (book_id,checkout_month,checkout_count) VALUES ('ST862',4,15);
INSERT INTO checkouts (book_id,checkout_month,checkout_count) VALUES ('ST862',2,14);
INSERT INTO checkouts (book_id,checkout_month,checkout_count) VALUES ('ST862',7,14);
INSERT INTO checkouts (book_id,checkout_month,checkout_count) VALUES ('ST862',3,13);
INSERT INTO checkouts (book_id,checkout_month,checkout_count) VALUES ('ST862',5,12);
INSERT INTO checkouts (book_id,checkout_month,checkout_count) VALUES ('ST862',6,12);
INSERT INTO checkouts (book_id,checkout_month,checkout_count) VALUES ('ST862',8,11);
INSERT INTO checkouts (book_id,checkout_month,checkout_count) VALUES ('ST862',9,11);
INSERT INTO checkouts (book_id,checkout_month,checkout_count) VALUES ('ST862',12,9);
INSERT INTO checkouts (book_id,checkout_month,checkout_count) VALUES ('ST862',11,8);
INSERT INTO checkouts (book_id,checkout_month,checkout_count) VALUES ('TA182',1,22);
INSERT INTO checkouts (book_id,checkout_month,checkout_count) VALUES ('TA182',7,21);
INSERT INTO checkouts (book_id,checkout_month,checkout_count) VALUES ('TA182',2,20);
INSERT INTO checkouts (book_id,checkout_month,checkout_count) VALUES ('TA182',4,20);
INSERT INTO checkouts (book_id,checkout_month,checkout_count) VALUES ('TA182',10,20);
INSERT INTO checkouts (book_id,checkout_month,checkout_count) VALUES ('TA182',11,20);
INSERT INTO checkouts (book_id,checkout_month,checkout_count) VALUES ('TA182',3,19);
INSERT INTO checkouts (book_id,checkout_month,checkout_count) VALUES ('TA182',6,19);
INSERT INTO checkouts (book_id,checkout_month,checkout_count) VALUES ('TA182',9,19);
INSERT INTO checkouts (book_id,checkout_month,checkout_count) VALUES ('TA182',5,17);
INSERT INTO checkouts (book_id,checkout_month,checkout_count) VALUES ('TA182',8,17);
INSERT INTO checkouts (book_id,checkout_month,checkout_count) VALUES ('TA182',12,15);
INSERT INTO checkouts (book_id,checkout_month,checkout_count) VALUES ('TC188',7,20);
INSERT INTO checkouts (book_id,checkout_month,checkout_count) VALUES ('TC188',9,20);
INSERT INTO checkouts (book_id,checkout_month,checkout_count) VALUES ('TC188',3,19);
INSERT INTO checkouts (book_id,checkout_month,checkout_count) VALUES ('TC188',4,18);
INSERT INTO checkouts (book_id,checkout_month,checkout_count) VALUES ('TC188',10,18);
INSERT INTO checkouts (book_id,checkout_month,checkout_count) VALUES ('TC188',1,17);
INSERT INTO checkouts (book_id,checkout_month,checkout_count) VALUES ('TC188',8,16);
INSERT INTO checkouts (book_id,checkout_month,checkout_count) VALUES ('TC188',6,15);
INSERT INTO checkouts (book_id,checkout_month,checkout_count) VALUES ('TC188',11,15);
INSERT INTO checkouts (book_id,checkout_month,checkout_count) VALUES ('TC188',2,14);
INSERT INTO checkouts (book_id,checkout_month,checkout_count) VALUES ('TC188',5,14);
INSERT INTO checkouts (book_id,checkout_month,checkout_count) VALUES ('TC188',12,9);
INSERT INTO checkouts (book_id,checkout_month,checkout_count) VALUES ('TH143',11,11);
INSERT INTO checkouts (book_id,checkout_month,checkout_count) VALUES ('TH143',6,9);
INSERT INTO checkouts (book_id,checkout_month,checkout_count) VALUES ('TH143',7,9);
INSERT INTO checkouts (book_id,checkout_month,checkout_count) VALUES ('TH143',8,9);
INSERT INTO checkouts (book_id,checkout_month,checkout_count) VALUES ('TH143',1,8);
INSERT INTO checkouts (book_id,checkout_month,checkout_count) VALUES ('TH143',3,7);
INSERT INTO checkouts (book_id,checkout_month,checkout_count) VALUES ('TH143',4,7);
INSERT INTO checkouts (book_id,checkout_month,checkout_count) VALUES ('TH143',2,6);
INSERT INTO checkouts (book_id,checkout_month,checkout_count) VALUES ('TH143',5,6);
INSERT INTO checkouts (book_id,checkout_month,checkout_count) VALUES ('TH143',9,6);
INSERT INTO checkouts (book_id,checkout_month,checkout_count) VALUES ('TH143',10,6);
INSERT INTO checkouts (book_id,checkout_month,checkout_count) VALUES ('TH143',12,6);
INSERT INTO checkouts (book_id,checkout_month,checkout_count) VALUES ('TH296',3,41);
INSERT INTO checkouts (book_id,checkout_month,checkout_count) VALUES ('TH296',7,41);
INSERT INTO checkouts (book_id,checkout_month,checkout_count) VALUES ('TH296',2,36);
INSERT INTO checkouts (book_id,checkout_month,checkout_count) VALUES ('TH296',1,34);
INSERT INTO checkouts (book_id,checkout_month,checkout_count) VALUES ('TH296',4,34);
INSERT INTO checkouts (book_id,checkout_month,checkout_count) VALUES ('TH296',6,33);
INSERT INTO checkouts (book_id,checkout_month,checkout_count) VALUES ('TH296',10,33);
INSERT INTO checkouts (book_id,checkout_month,checkout_count) VALUES ('TH296',5,32);
INSERT INTO checkouts (book_id,checkout_month,checkout_count) VALUES ('TH296',8,32);
INSERT INTO checkouts (book_id,checkout_month,checkout_count) VALUES ('TH296',11,32);
INSERT INTO checkouts (book_id,checkout_month,checkout_count) VALUES ('TH296',9,28);
INSERT INTO checkouts (book_id,checkout_month,checkout_count) VALUES ('TH296',12,23);
INSERT INTO checkouts (book_id,checkout_month,checkout_count) VALUES ('TI225',8,15);
INSERT INTO checkouts (book_id,checkout_month,checkout_count) VALUES ('TI225',7,14);
INSERT INTO checkouts (book_id,checkout_month,checkout_count) VALUES ('TI225',9,10);
INSERT INTO checkouts (book_id,checkout_month,checkout_count) VALUES ('TI225',6,8);
INSERT INTO checkouts (book_id,checkout_month,checkout_count) VALUES ('TI225',12,7);
INSERT INTO checkouts (book_id,checkout_month,checkout_count) VALUES ('TI225',4,6);
INSERT INTO checkouts (book_id,checkout_month,checkout_count) VALUES ('TI225',10,6);
INSERT INTO checkouts (book_id,checkout_month,checkout_count) VALUES ('TI225',1,5);
INSERT INTO checkouts (book_id,checkout_month,checkout_count) VALUES ('TI225',11,3);
INSERT INTO checkouts (book_id,checkout_month,checkout_count) VALUES ('TI225',3,2);
INSERT INTO checkouts (book_id,checkout_month,checkout_count) VALUES ('TM925',2,113);
INSERT INTO checkouts (book_id,checkout_month,checkout_count) VALUES ('TM925',3,112);
INSERT INTO checkouts (book_id,checkout_month,checkout_count) VALUES ('TM925',7,130);
INSERT INTO checkouts (book_id,checkout_month,checkout_count) VALUES ('TM925',4,126);
INSERT INTO checkouts (book_id,checkout_month,checkout_count) VALUES ('TM925',5,126);
INSERT INTO checkouts (book_id,checkout_month,checkout_count) VALUES ('TM925',1,121);
INSERT INTO checkouts (book_id,checkout_month,checkout_count) VALUES ('TM925',6,121);
INSERT INTO checkouts (book_id,checkout_month,checkout_count) VALUES ('TM925',8,107);
INSERT INTO checkouts (book_id,checkout_month,checkout_count) VALUES ('TM925',9,81);
INSERT INTO checkouts (book_id,checkout_month,checkout_count) VALUES ('TM925',10,77);
INSERT INTO checkouts (book_id,checkout_month,checkout_count) VALUES ('TM925',11,69);
INSERT INTO checkouts (book_id,checkout_month,checkout_count) VALUES ('TM925',12,60);
INSERT INTO checkouts (book_id,checkout_month,checkout_count) VALUES ('TO369',7,16);
INSERT INTO checkouts (book_id,checkout_month,checkout_count) VALUES ('TO369',1,15);
INSERT INTO checkouts (book_id,checkout_month,checkout_count) VALUES ('TO369',8,15);
INSERT INTO checkouts (book_id,checkout_month,checkout_count) VALUES ('TO369',10,15);
INSERT INTO checkouts (book_id,checkout_month,checkout_count) VALUES ('TO369',2,14);
INSERT INTO checkouts (book_id,checkout_month,checkout_count) VALUES ('TO369',3,14);
INSERT INTO checkouts (book_id,checkout_month,checkout_count) VALUES ('TO369',9,14);
INSERT INTO checkouts (book_id,checkout_month,checkout_count) VALUES ('TO369',5,13);
INSERT INTO checkouts (book_id,checkout_month,checkout_count) VALUES ('TO369',11,12);
INSERT INTO checkouts (book_id,checkout_month,checkout_count) VALUES ('TO369',12,12);
INSERT INTO checkouts (book_id,checkout_month,checkout_count) VALUES ('TO369',4,11);
INSERT INTO checkouts (book_id,checkout_month,checkout_count) VALUES ('TO369',6,10);
INSERT INTO checkouts (book_id,checkout_month,checkout_count) VALUES ('TP887',1,25);
INSERT INTO checkouts (book_id,checkout_month,checkout_count) VALUES ('TP887',6,22);
INSERT INTO checkouts (book_id,checkout_month,checkout_count) VALUES ('TP887',10,21);
INSERT INTO checkouts (book_id,checkout_month,checkout_count) VALUES ('TP887',7,20);
INSERT INTO checkouts (book_id,checkout_month,checkout_count) VALUES ('TP887',8,19);
INSERT INTO checkouts (book_id,checkout_month,checkout_count) VALUES ('TP887',2,18);
INSERT INTO checkouts (book_id,checkout_month,checkout_count) VALUES ('TP887',3,15);
INSERT INTO checkouts (book_id,checkout_month,checkout_count) VALUES ('TP887',4,15);
INSERT INTO checkouts (book_id,checkout_month,checkout_count) VALUES ('TP887',9,15);
INSERT INTO checkouts (book_id,checkout_month,checkout_count) VALUES ('TP887',11,14);
INSERT INTO checkouts (book_id,checkout_month,checkout_count) VALUES ('TP887',5,13);
INSERT INTO checkouts (book_id,checkout_month,checkout_count) VALUES ('TP887',12,13);
INSERT INTO checkouts (book_id,checkout_month,checkout_count) VALUES ('TS869',8,62);
INSERT INTO checkouts (book_id,checkout_month,checkout_count) VALUES ('TS869',9,58);
INSERT INTO checkouts (book_id,checkout_month,checkout_count) VALUES ('TS869',7,53);
INSERT INTO checkouts (book_id,checkout_month,checkout_count) VALUES ('TS869',10,52);
INSERT INTO checkouts (book_id,checkout_month,checkout_count) VALUES ('TS869',11,41);
INSERT INTO checkouts (book_id,checkout_month,checkout_count) VALUES ('TS869',1,33);
INSERT INTO checkouts (book_id,checkout_month,checkout_count) VALUES ('TS869',12,32);
INSERT INTO checkouts (book_id,checkout_month,checkout_count) VALUES ('TS869',3,23);
INSERT INTO checkouts (book_id,checkout_month,checkout_count) VALUES ('TS869',6,23);
INSERT INTO checkouts (book_id,checkout_month,checkout_count) VALUES ('TS869',2,19);
INSERT INTO checkouts (book_id,checkout_month,checkout_count) VALUES ('TS869',5,17);
INSERT INTO checkouts (book_id,checkout_month,checkout_count) VALUES ('TS869',4,15);
INSERT INTO checkouts (book_id,checkout_month,checkout_count) VALUES ('TT359',7,9);
INSERT INTO checkouts (book_id,checkout_month,checkout_count) VALUES ('TT359',10,7);
INSERT INTO checkouts (book_id,checkout_month,checkout_count) VALUES ('TT359',8,6);
INSERT INTO checkouts (book_id,checkout_month,checkout_count) VALUES ('TT359',9,6);
INSERT INTO checkouts (book_id,checkout_month,checkout_count) VALUES ('TT359',3,5);
INSERT INTO checkouts (book_id,checkout_month,checkout_count) VALUES ('TT359',4,5);
INSERT INTO checkouts (book_id,checkout_month,checkout_count) VALUES ('TT359',5,5);
INSERT INTO checkouts (book_id,checkout_month,checkout_count) VALUES ('TT359',6,5);
INSERT INTO checkouts (book_id,checkout_month,checkout_count) VALUES ('TT359',11,5);
INSERT INTO checkouts (book_id,checkout_month,checkout_count) VALUES ('TT359',12,5);
INSERT INTO checkouts (book_id,checkout_month,checkout_count) VALUES ('TT359',1,4);
INSERT INTO checkouts (book_id,checkout_month,checkout_count) VALUES ('TT359',2,3);
INSERT INTO checkouts (book_id,checkout_month,checkout_count) VALUES ('TT773',7,26);
INSERT INTO checkouts (book_id,checkout_month,checkout_count) VALUES ('TT773',1,25);
INSERT INTO checkouts (book_id,checkout_month,checkout_count) VALUES ('TT773',5,25);
INSERT INTO checkouts (book_id,checkout_month,checkout_count) VALUES ('TT773',3,23);
INSERT INTO checkouts (book_id,checkout_month,checkout_count) VALUES ('TT773',6,23);
INSERT INTO checkouts (book_id,checkout_month,checkout_count) VALUES ('TT773',8,23);
INSERT INTO checkouts (book_id,checkout_month,checkout_count) VALUES ('TT773',4,22);
INSERT INTO checkouts (book_id,checkout_month,checkout_count) VALUES ('TT773',9,22);
INSERT INTO checkouts (book_id,checkout_month,checkout_count) VALUES ('TT773',10,20);
INSERT INTO checkouts (book_id,checkout_month,checkout_count) VALUES ('TT773',2,17);
INSERT INTO checkouts (book_id,checkout_month,checkout_count) VALUES ('TT773',11,17);
INSERT INTO checkouts (book_id,checkout_month,checkout_count) VALUES ('TT773',12,16);
INSERT INTO checkouts (book_id,checkout_month,checkout_count) VALUES ('WG715',1,49);
INSERT INTO checkouts (book_id,checkout_month,checkout_count) VALUES ('WG715',7,49);
INSERT INTO checkouts (book_id,checkout_month,checkout_count) VALUES ('WG715',3,45);
INSERT INTO checkouts (book_id,checkout_month,checkout_count) VALUES ('WG715',4,44);
INSERT INTO checkouts (book_id,checkout_month,checkout_count) VALUES ('WG715',5,44);
INSERT INTO checkouts (book_id,checkout_month,checkout_count) VALUES ('WG715',2,42);
INSERT INTO checkouts (book_id,checkout_month,checkout_count) VALUES ('WG715',6,42);
INSERT INTO checkouts (book_id,checkout_month,checkout_count) VALUES ('WG715',8,42);
INSERT INTO checkouts (book_id,checkout_month,checkout_count) VALUES ('WG715',9,42);
INSERT INTO checkouts (book_id,checkout_month,checkout_count) VALUES ('WG715',10,42);
INSERT INTO checkouts (book_id,checkout_month,checkout_count) VALUES ('WG715',11,41);
INSERT INTO checkouts (book_id,checkout_month,checkout_count) VALUES ('WG715',12,28);
INSERT INTO checkouts (book_id,checkout_month,checkout_count) VALUES ('WO506',10,11);
INSERT INTO checkouts (book_id,checkout_month,checkout_count) VALUES ('WO506',1,9);
INSERT INTO checkouts (book_id,checkout_month,checkout_count) VALUES ('WO506',3,9);
INSERT INTO checkouts (book_id,checkout_month,checkout_count) VALUES ('WO506',4,9);
INSERT INTO checkouts (book_id,checkout_month,checkout_count) VALUES ('WO506',6,9);
INSERT INTO checkouts (book_id,checkout_month,checkout_count) VALUES ('WO506',9,9);
INSERT INTO checkouts (book_id,checkout_month,checkout_count) VALUES ('WO506',2,7);
INSERT INTO checkouts (book_id,checkout_month,checkout_count) VALUES ('WO506',7,7);
INSERT INTO checkouts (book_id,checkout_month,checkout_count) VALUES ('WO506',8,7);
INSERT INTO checkouts (book_id,checkout_month,checkout_count) VALUES ('WO506',11,7);
INSERT INTO checkouts (book_id,checkout_month,checkout_count) VALUES ('WO506',5,6);
INSERT INTO checkouts (book_id,checkout_month,checkout_count) VALUES ('WO506',12,5);
INSERT INTO checkouts (book_id,checkout_month,checkout_count) VALUES ('ZT703',3,52);
INSERT INTO checkouts (book_id,checkout_month,checkout_count) VALUES ('ZT703',7,52);
INSERT INTO checkouts (book_id,checkout_month,checkout_count) VALUES ('ZT703',10,52);
INSERT INTO checkouts (book_id,checkout_month,checkout_count) VALUES ('ZT703',1,50);
INSERT INTO checkouts (book_id,checkout_month,checkout_count) VALUES ('ZT703',5,50);
INSERT INTO checkouts (book_id,checkout_month,checkout_count) VALUES ('ZT703',11,49);
INSERT INTO checkouts (book_id,checkout_month,checkout_count) VALUES ('ZT703',4,48);
INSERT INTO checkouts (book_id,checkout_month,checkout_count) VALUES ('ZT703',8,48);
INSERT INTO checkouts (book_id,checkout_month,checkout_count) VALUES ('ZT703',2,47);
INSERT INTO checkouts (book_id,checkout_month,checkout_count) VALUES ('ZT703',6,46);
INSERT INTO checkouts (book_id,checkout_month,checkout_count) VALUES ('ZT703',9,45);
INSERT INTO checkouts (book_id,checkout_month,checkout_count) VALUES ('ZT703',12,37);



INSERT INTO information (book_id1,book_id2,genre,series_id,volume_number,staff_comment) VALUES 
        ('MM',424,'Young Adult',NULL,NULL,'Would you want to live forever? Doesn''t that depend on what sort of life you''d have—and who you''d spend it with? '),
	('NR',695,'Mystery','IR-ESP',1,NULL),
	('AM',124,'Fiction',NULL,NULL,'"This graphic novel is better than years of marriage counceling"'),
	('AK',974,'Young Adult',NULL,NULL,NULL),
	('AD',222,'Childrens',NULL,NULL,'Alanna didn''t expect this Tuesday to be any different than the Tuesday before, and the Tuesday before that. She was wrong. Can she make it to Wednesday?'),
	('AY',135,'Fiction',NULL,NULL,NULL),
	('BB',194,'SciFi/Fantasy',NULL,NULL,'What? Disaster. Where? The stars. When? Now. Who? The Ballinby Boys. How? You''ll have to turn the page to find out…'),
	('BF',889,'Childrens','BS-CHP',1,'Glug glug glug, BANANA SLUG! '),
	('BC',244,'Childrens','BS-CHP',2,'Can Banana Slug find Farmer Fern''s missing cow before dark?'),
	('BR',858,'Childrens','BS-CHP',3,'Come play on a rainy day! Bad weather can''t stop Banana Slug!'),
	('BF',374,'Childrens','BS-CHP',4,NULL),
	('BS',284,'Romance','EL-SSC',7,'Book Seven of Esme''s Ladies'),
	('CH',391,'Young Adult',NULL,NULL,NULL),
	('CC',830,'SciFi/Fantasy',NULL,NULL,NULL),
	('CP',573,'SciFi/Fantasy',NULL,NULL,'As someone who hates prophecy, Lydan seems an unlikely guardian of the Prophetic Vaults of Yu''ul. But it was prophecied that someone matching her description would someday save Yu''ul from its doom. The Elders don''t take such things lightly. But what, Lydan asks herself, does it mean to save something? Especially when the cost is...concerning. '),
	('DY',800,'Fiction','MT-ESP',3,'"The best beach-book I''ve ever read" "Easy and fun without being vapid" '),
	('DE',571,'Nonfiction',NULL,NULL,NULL),
	('DR',914,'SciFi/Fantasy',NULL,NULL,NULL),
	('HS',107,'Nonfiction',NULL,NULL,'#QuokkaSelfie took the internet by storm in the early 21s. These adorable marsupials, quickly dubbed "the happiest animal on Earth" became an internet sensation when tourists started posting selfies with the smiling mammals. Rottnest Island, once an Australian Aboriginal penal colony, transformed into an eco-tourism destination thanks to these picture-perfect smiling creatures. But even beaming quokkas can''t escape the darker side of intense human attention. Reports began circulating of quokkas being kicked liked footballs. Instagram labeled #QuokkaSelfie as potentially violating animal welfare. Conservationists decried "lumpy jaw", a potentially fatal infection caused by bread fed to these herbivores from human hands. In this—ultimately hopeful—exploration of #QuokkaSelfie, Langston Lippman and colleagues take a deeper look at the phenomenon of celebrating nature to the brink of destroying it. '),
	('HP',265,'Childrens',NULL,NULL,'Wilberforce isn''t sure about bedtime in a new bed, in a new house, in a new town. But when his grandmother brings him a pair of heliotrope pajamas, Wilberforce finds out bedtime can be downright magical. '),
	('IC',739,'Memoir',NULL,NULL,'Lowry''s comedic genius shines through every moment of her memoir. Told with clear eyes and biting wit, the anecdotes of each chapter bring to life a world of eccentric academics. The literarily-inclinded daughter of a physicist  and an epidemiologist, Lowry was forced to find her own way toward normal through an upbringing that was anything but. '),
	('IA',439,'Fiction',NULL,NULL,NULL),
	('IG',460,'Young Adult',NULL,NULL,NULL),
	('KA',663,'Fiction',NULL,NULL,NULL),
	('LB',510,'Romance','EL-SSC',5,'Book Five of Esme''s Ladies'),
	('LS',176,'Nonfiction',NULL,NULL,NULL),
	('MW',621,'Romance','EL-SSC',2,'Book Two of Esme''s Ladies'),
	('NP',937,'Nonfiction',NULL,NULL,NULL),
	('NL',209,'Fiction',NULL,NULL,'Beloved author Charles Fenimore strikes out in a new direction with his first graphic novel. In this devestating tale of daring, ingenuity, and just a dash of  luck, Fenimore dmonstrates his genius for combining visual flare and cutting prose. Uchon''s mechanical contraption to tame lightning brings its own threats to her tinder-box community stricken by wildfires. Will Uchon''s luck run out on the eve of the biggest lightning storm to threaten the sleepy town of Delanro in decades? '),
	('NB',483,'Fiction','MT-ESP',2,'"I never thought I''d enjoy a trashy, light chick-lit series. But here I am, and Green is rapidly becoming my favorite author!"'),
	('NC',652,'Nonfiction',NULL,NULL,'When his wife set out to write her magnum opus cookbook, food critic Stackhouse thought the hardest part would be making sure he didn''t outgrow his favorite slacks. He never expected that amidst the thyme and roux and cleavers, their relationship would be tried, tested, and ultimately perfected. Tastefully seasoned with the recipes that brought them to the brink, "Nothing But Capers" follows the tumult that strained then saved his marriage and his life. '),
	('PP',866,'SciFi/Fantasy','MM-ESP',2,'No one saw it coming. No one could escape the effects. No one could imagine what would come next. '),
	('PA',169,'Fiction',NULL,NULL,NULL),
	('QQ',737,'Young Adult',NULL,NULL,'Debut novel from Jill Hergesheimer'),
	('RR',774,'SciFi/Fantasy','MM-ESP',3,'The triumphant, tragic, unimaginable third installment in the Mallemaroking saga'),
	('SE',355,'Romance','EL-SSC',6,'Book Six of Esme''s Ladies'),
	('SS',693,'Nonfiction',NULL,NULL,'Long-winded talkers waste time for themselves and those who listen. When you have something to say, get to the point. Say it with Snap! '),
	('ST',862,'SciFi/Fantasy',NULL,NULL,NULL),
	('ST',303,'SciFi/Fantasy',NULL,NULL,NULL),
	('SS',361,'Fiction',NULL,NULL,NULL),
	('TC',401,'SciFi/Fantasy',NULL,NULL,NULL),
	('TC',188,'Fiction',NULL,NULL,NULL),
	('TH',143,'Nonfiction',NULL,NULL,NULL),
	('TP',887,'Fiction',NULL,NULL,NULL),
	('TM',925,'SciFi/Fantasy','MM-ESP',1,'An epic on the scale of Game of Thrones and The Lord of the Rings. The Mallemaroking is a book that cannot be defined, only experienced. '),
	('TO',369,'Romance','EL-SSC',4,'Book Four of Esme''s Ladies'),
	('TS',869,'Romance','EL-SSC',1,'Book One of Esme''s Ladies'),
	('TA',182,'Young Adult',NULL,NULL,NULL),
	('TH',556,'Fiction',NULL,NULL,'Mr. Hidoo, with his kind smile and perpetual silence, is easy to overlook. Until he turns up dead. '),
	('TI',225,'Fiction','MT-ESP',1,'"The thing is, ''The Thing Is'' is exactly what you need. Don''t believe me? Give it a try."'),
	('TT',773,'SciFi/Fantasy',NULL,NULL,NULL),
	('TH',296,'Mystery','IR-ESP',2,NULL),
	('TT',359,'Fiction','AT-ESP',1,NULL),
	('WO',506,'Memoir',NULL,NULL,'"Only a sister knows the difference between a strangle and a hug"'),
	('WG',715,'Romance','EL-SSC',3,'Book Three of Esme''s Ladies'),
	('WK',456,'Memoir',NULL,NULL,'Antrim''s ability to make you laugh through your tears has never been stronger than in his memoirs. Diagnosed with terminal cancer at 38, Antrim reflects back on his life with the grace and wisdom of a man twice his age. "Who Did You Think You Were Kidding" reminds us that even on a sad path toward a death far too soon, the journey is what matters. '),
	('ZT',703,'Mystery',NULL,NULL,NULL),
	('DG',384,'Fiction',NULL,NULL,'The most anticipated release of the coming year!');






INSERT INTO checkouts (book_id,checkout_month,checkout_count VALUES 
        ('AD222',1,40),
	('AD222',3,39),
	('AD222',11,34),
	('AD222',4,33),
	('AD222',5,33),
	('AD222',6,31),
	('AD222',12,31),
	('AD222',7,30),
	('AD222',9,30),
	('AD222',2,29),
	('AD222',8,29),
	('AD222',10,25),
	('AK974',8,64),
	('AK974',9,61),
	('AK974',1,56),
	('AK974',10,50),
	('AK974',11,49),
	('AK974',12,47),
	('AK974',2,29),
	('AK974',3,26),
	('AK974',7,24),
	('AK974',5,21),
	('AK974',6,21),
	('AK974',4,16),
	('AM124',7,9),
	('AM124',8,9),
	('AM124',4,7),
	('AM124',5,6),
	('AM124',6,6),
	('AM124',3,5),
	('AM124',1,4),
	('AM124',2,4),
	('AM124',9,4),
	('AM124',10,4),
	('AM124',11,4),
	('AM124',12,3),
	('AY135',8,10),
	('AY135',9,10),
	('AY135',2,9),
	('AY135',3,9),
	('AY135',6,9),
	('AY135',4,8),
	('AY135',7,8),
	('AY135',5,7),
	('AY135',11,7),
	('AY135',10,6),
	('AY135',1,5),
	('AY135',12,5),
	('BB194',3,33),
	('BB194',4,33),
	('BB194',5,32),
	('BB194',6,29),
	('BB194',7,29),
	('BB194',8,28),
	('BB194',1,27),
	('BB194',2,26),
	('BB194',9,25),
	('BB194',12,24),
	('BB194',10,21),
	('BB194',11,21),
	('BC244',1,21),
	('BC244',6,21),
	('BC244',2,19),
	('BC244',3,19),
	('BC244',4,19),
	('BC244',5,19),
	('BC244',7,19),
	('BC244',8,19),
	('BC244',9,16),
	('BC244',10,16),
	('BC244',11,16),
	('BC244',12,14),
	('BF374',9,28),
	('BF374',10,25),
	('BF374',1,24),
	('BF374',2,22),
	('BF374',8,21),
	('BF374',5,20),
	('BF374',11,20),
	('BF374',3,19),
	('BF374',12,19),
	('BF374',4,17),
	('BF374',7,17),
	('BF374',6,15),
	('BF889',7,16),
	('BF889',6,15),
	('BF889',1,13),
	('BF889',5,13),
	('BF889',8,13),
	('BF889',3,12),
	('BF889',4,12),
	('BF889',10,12),
	('BF889',11,12),
	('BF889',12,12),
	('BF889',9,11),
	('BF889',2,10),
	('BR858',7,13),
	('BR858',9,12),
	('BR858',6,11),
	('BR858',10,11),
	('BR858',8,10),
	('BR858',11,10),
	('BR858',1,8),
	('BR858',5,8),
	('BR858',3,7),
	('BR858',4,7),
	('BR858',2,6),
	('BR858',12,6),
	('BS284',2,36),
	('BS284',3,34),
	('BS284',4,33),
	('BS284',6,17),
	('BS284',7,17),
	('BS284',5,16),
	('BS284',8,16),
	('BS284',10,13),
	('BS284',9,12),
	('BS284',11,9),
	('BS284',12,9),
	('BS284',1,7),
	('CH391',3,11),
	('CH391',10,11),
	('CH391',8,10),
	('CH391',9,10),
	('CH391',12,9),
	('CH391',1,8),
	('CH391',6,7),
	('CH391',7,7),
	('CH391',11,7),
	('CH391',2,6),
	('CH391',5,6),
	('CH391',4,5),
	('CH392',3,11),
	('CH392',10,11),
	('CH392',8,10),
	('CH392',9,10),
	('CH392',12,9),
	('CH392',1,8),
	('CH392',6,7),
	('CH392',7,7),
	('CH392',11,7),
	('CH392',2,6),
	('CH392',5,6),
	('CH392',4,5),
	('CP573',7,10),
	('CP573',1,8),
	('CP573',5,7),
	('CP573',4,6),
	('CP573',6,6),
	('CP573',8,6),
	('CP573',9,6),
	('CP573',11,6),
	('CP573',3,5),
	('CP573',10,5),
	('CP573',12,4),
	('CP573',2,2),
	('DE571',11,10),
	('DE571',1,9),
	('DE571',10,9),
	('DE571',2,8),
	('DE571',3,8),
	('DE571',4,8),
	('DE571',9,7),
	('DE571',7,6),
	('DE571',12,6),
	('DE571',6,4),
	('DE571',8,4),
	('DE571',5,3),
	('DR914',7,10),
	('DR914',1,8),
	('DR914',3,8),
	('DR914',4,8),
	('DR914',5,8),
	('DR914',6,8),
	('DR914',9,8),
	('DR914',2,7),
	('DR914',8,7),
	('DR914',11,7),
	('DR914',10,6),
	('DR914',12,4),
	('HP265',1,104),
	('HP265',3,90),
	('HP265',2,83),
	('HP265',4,83),
	('HP265',7,82),
	('HP265',5,79),
	('HP265',12,73),
	('HP265',6,68),
	('HP265',11,62),
	('HP265',8,64),
	('HP265',9,64),
	('HP265',10,57),
	('HS107',7,6),
	('HS107',9,6),
	('HS107',1,5),
	('HS107',5,5),
	('HS107',8,5),
	('HS107',4,4),
	('HS107',6,4),
	('HS107',3,3),
	('HS107',10,3),
	('HS107',11,3),
	('HS107',2,2),
	('IA439',8,6),
	('IA439',9,6),
	('IA439',4,5),
	('IA439',6,5),
	('IA439',7,5),
	('IA439',11,5),
	('IA439',5,4),
	('IA439',10,4),
	('IA439',1,3),
	('IA439',3,3),
	('IA439',12,3),
	('IA439',2,2),
	('IG460',9,9),
	('IG460',1,8),
	('IG460',5,8),
	('IG460',6,7),
	('IG460',7,7),
	('IG460',8,7),
	('IG460',2,6),
	('IG460',3,6),
	('IG460',4,6),
	('IG460',10,6),
	('IG460',11,5),
	('IG460',12,4),
	('IC739',10,7),
	('IC739',6,6),
	('IC739',7,6),
	('IC739',3,5),
	('IC739',8,5),
	('IC739',9,5),
	('IC739',12,5),
	('IC739',1,4),
	('IC739',2,4),
	('IC739',4,4),
	('IC739',5,4),
	('IC739',11,4),
	('KA663',9,16),
	('KA663',8,15),
	('KA663',7,14),
	('KA663',10,14),
	('KA663',11,14),
	('KA663',1,13),
	('KA663',4,12),
	('KA663',5,12),
	('KA663',12,12),
	('KA663',2,11),
	('KA663',3,11),
	('KA663',6,11),
	('LB510',7,21),
	('LB510',3,20),
	('LB510',1,19),
	('LB510',8,18),
	('LB510',5,17),
	('LB510',9,17),
	('LB510',11,17),
	('LB510',2,16),
	('LB510',4,16),
	('LB510',6,16),
	('LB510',10,16),
	('LB510',12,14),
	('LS176',4,3),
	('MM424',8,5),
	('MM424',3,4),
	('MM424',4,4),
	('MM424',5,4),
	('MM424',6,4),
	('MM424',7,4),
	('MM424',9,4),
	('MM424',2,3),
	('MM424',10,3),
	('MM424',11,3),
	('MM424',12,3),
	('MM424',1,2),
	('MW621',1,53),
	('MW621',7,52),
	('MW621',11,51),
	('MW621',3,50),
	('MW621',8,50),
	('MW621',4,48),
	('MW621',2,47),
	('MW621',5,47),
	('MW621',6,46),
	('MW621',9,44),
	('MW621',10,43),
	('MW621',12,41),
	('NC652',8,5),
	('NC652',5,4),
	('NC652',7,4),
	('NC652',9,4),
	('NC652',4,3),
	('NC652',6,3),
	('NC652',10,3),
	('NC652',11,3),
	('NC652',12,3),
	('NC652',1,2),
	('NC652',2,2),
	('NC652',3,2),
	('NL209',7,13),
	('NL209',3,12),
	('NL209',1,11),
	('NL209',4,11),
	('NL209',5,11),
	('NL209',6,11),
	('NL209',9,10),
	('NL209',10,10),
	('NL209',2,9),
	('NL209',8,9),
	('NL209',12,9),
	('NL209',11,8),
	('NP937',2,10),
	('NP937',4,8),
	('NP937',5,6),
	('NP937',7,6),
	('NP937',1,5),
	('NP937',6,5),
	('NP937',8,5),
	('NP937',3,4),
	('NP937',9,4),
	('NP937',11,4),
	('NR695',3,49),
	('NR695',7,45),
	('NR695',1,42),
	('NR695',6,42),
	('NR695',2,40),
	('NR695',10,40),
	('NR695',4,37),
	('NR695',5,37),
	('NR695',8,37),
	('NR695',11,37),
	('NR695',9,36),
	('NR695',12,27),
	('TC401',9,7),
	('TC401',3,6),
	('TC401',6,6),
	('TC401',8,6),
	('TC401',11,6),
	('TC401',12,6),
	('TC401',1,5),
	('TC401',2,5),
	('TC401',5,5),
	('TC401',7,5),
	('TC401',4,4),
	('TC401',10,4),
	('WK456',6,11),
	('WK456',1,9),
	('WK456',4,8),
	('WK456',8,8),
	('WK456',11,8),
	('WK456',2,7),
	('WK456',7,7),
	('WK456',5,6),
	('WK456',12,6),
	('WK456',3,5),
	('WK456',9,5),
	('WK456',10,5),
	('NB483',1,14),
	('NB483',3,13),
	('NB483',10,12),
	('NB483',9,11),
	('NB483',4,10),
	('NB483',5,10),
	('NB483',11,10),
	('NB483',12,10),
	('NB483',2,9),
	('NB483',7,9),
	('NB483',8,9),
	('NB483',6,8),
	('DY800',7,17),
	('DY800',8,14),
	('DY800',4,11),
	('DY800',5,11),
	('DY800',6,11),
	('DY800',9,9),
	('DY800',1,8),
	('DY800',3,8),
	('DY800',2,5),
	('DY800',10,5),
	('DY800',11,5),
	('DY800',12,5),
	('PA169',1,13),
	('PA169',2,12),
	('PA169',7,12),
	('PA169',10,12),
	('PA169',9,11),
	('PA169',11,11),
	('PA169',12,10),
	('PA169',3,9),
	('PA169',4,9),
	('PA169',8,9),
	('PA169',5,8),
	('PA169',6,7),
	('TH556',6,8),
	('TH556',3,7),
	('TH556',4,7),
	('TH556',7,7),
	('TH556',8,7),
	('TH556',5,6),
	('TH556',9,6),
	('TH556',1,5),
	('TH556',10,5),
	('TH556',11,5),
	('TH556',2,4),
	('TH556',12,4),
	('PP866',1,97),
	('PP866',2,77),
	('PP866',3,74),
	('PP866',4,52),
	('PP866',12,52),
	('PP866',11,49),
	('PP866',5,33),
	('PP866',10,33),
	('PP866',6,27),
	('PP866',7,21),
	('PP866',8,18),
	('PP866',9,14),
	('QQ737',11,6),
	('QQ737',6,5),
	('QQ737',9,5),
	('QQ737',1,4),
	('QQ737',3,4),
	('QQ737',5,4),
	('QQ737',7,4),
	('QQ737',8,4),
	('QQ737',2,3),
	('QQ737',4,3),
	('QQ737',10,3),
	('QQ737',12,3),
	('RR774',2,124),
	('RR774',10,120),
	('RR774',8,118),
	('RR774',4,116),
	('RR774',7,114),
	('RR774',9,114),
	('RR774',3,108),
	('RR774',5,105),
	('RR774',11,105),
	('RR774',6,102),
	('RR774',1,109),
	('RR774',12,97),
	('SE355',10,36),
	('SE355',4,35),
	('SE355',9,35),
	('SE355',1,34),
	('SE355',7,34),
	('SE355',8,34),
	('SE355',2,33),
	('SE355',3,33),
	('SE355',6,32),
	('SE355',11,32),
	('SE355',5,30),
	('SE355',12,25),
	('SS361',4,22),
	('SS361',7,22),
	('SS361',3,21),
	('SS361',8,21),
	('SS361',9,21),
	('SS361',11,21),
	('SS361',12,21),
	('SS361',1,20),
	('SS361',6,20),
	('SS361',2,19),
	('SS361',5,19),
	('SS361',10,19),
	('SS693',8,12),
	('SS693',10,12),
	('SS693',1,11),
	('SS693',2,10),
	('SS693',3,10),
	('SS693',6,10),
	('SS693',7,10),
	('SS693',11,10),
	('SS693',12,10),
	('SS693',4,9),
	('SS693',5,8),
	('SS693',9,8),
	('ST303',10,7),
	('ST303',9,6),
	('ST303',3,5),
	('ST303',5,5),
	('ST303',7,5),
	('ST303',11,5),
	('ST303',12,5),
	('ST303',4,4),
	('ST303',6,4),
	('ST303',8,4),
	('ST303',1,3),
	('ST303',2,3),
	('ST862',10,17),
	('ST862',1,15),
	('ST862',4,15),
	('ST862',2,14),
	('ST862',7,14),
	('ST862',3,13),
	('ST862',5,12),
	('ST862',6,12),
	('ST862',8,11),
	('ST862',9,11),
	('ST862',12,9),
	('ST862',11,8),
	('TA182',1,22),
	('TA182',7,21),
	('TA182',2,20),
	('TA182',4,20),
	('TA182',10,20),
	('TA182',11,20),
	('TA182',3,19),
	('TA182',6,19),
	('TA182',9,19),
	('TA182',5,17),
	('TA182',8,17),
	('TA182',12,15),
	('TC188',7,20),
	('TC188',9,20),
	('TC188',3,19),
	('TC188',4,18),
	('TC188',10,18),
	('TC188',1,17),
	('TC188',8,16),
	('TC188',6,15),
	('TC188',11,15),
	('TC188',2,14),
	('TC188',5,14),
	('TC188',12,9),
	('TH143',11,11),
	('TH143',6,9),
	('TH143',7,9),
	('TH143',8,9),
	('TH143',1,8),
	('TH143',3,7),
	('TH143',4,7),
	('TH143',2,6),
	('TH143',5,6),
	('TH143',9,6),
	('TH143',10,6),
	('TH143',12,6),
	('TH296',3,41),
	('TH296',7,41),
	('TH296',2,36),
	('TH296',1,34),
	('TH296',4,34),
	('TH296',6,33),
	('TH296',10,33),
	('TH296',5,32),
	('TH296',8,32),
	('TH296',11,32),
	('TH296',9,28),
	('TH296',12,23),
	('TI225',8,15),
	('TI225',7,14),
	('TI225',9,10),
	('TI225',6,8),
	('TI225',12,7),
	('TI225',4,6),
	('TI225',10,6),
	('TI225',1,5),
	('TI225',11,3),
	('TI225',3,2),
	('TM925',2,113),
	('TM925',3,112),
	('TM925',7,130),
	('TM925',4,126),
	('TM925',5,126),
	('TM925',1,121),
	('TM925',6,121),
	('TM925',8,107),
	('TM925',9,81),
	('TM925',10,77),
	('TM925',11,69),
	('TM925',12,60),
	('TO369',7,16),
	('TO369',1,15),
	('TO369',8,15),
	('TO369',10,15),
	('TO369',2,14),
	('TO369',3,14),
	('TO369',9,14),
	('TO369',5,13),
	('TO369',11,12),
	('TO369',12,12),
	('TO369',4,11),
	('TO369',6,10),
	('TP887',1,25),
	('TP887',6,22),
	('TP887',10,21),
	('TP887',7,20),
	('TP887',8,19),
	('TP887',2,18),
	('TP887',3,15),
	('TP887',4,15),
	('TP887',9,15),
	('TP887',11,14),
	('TP887',5,13),
	('TP887',12,13),
	('TS869',8,62),
	('TS869',9,58),
	('TS869',7,53),
	('TS869',10,52),
	('TS869',11,41),
	('TS869',1,33),
	('TS869',12,32),
	('TS869',3,23),
	('TS869',6,23),
	('TS869',2,19),
	('TS869',5,17),
	('TS869',4,15),
	('TT359',7,9),
	('TT359',10,7),
	('TT359',8,6),
	('TT359',9,6),
	('TT359',3,5),
	('TT359',4,5),
	('TT359',5,5),
	('TT359',6,5),
	('TT359',11,5),
	('TT359',12,5),
	('TT359',1,4),
	('TT359',2,3),
	('TT773',7,26),
	('TT773',1,25),
	('TT773',5,25),
	('TT773',3,23),
	('TT773',6,23),
	('TT773',8,23),
	('TT773',4,22),
	('TT773',9,22),
	('TT773',10,20),
	('TT773',2,17),
	('TT773',11,17),
	('TT773',12,16),
	('WG715',1,49),
	('WG715',7,49),
	('WG715',3,45),
	('WG715',4,44),
	('WG715',5,44),
	('WG715',2,42),
	('WG715',6,42),
	('WG715',8,42),
	('WG715',9,42),
	('WG715',10,42),
	('WG715',11,41),
	('WG715',12,28),
	('WO506',10,11),
	('WO506',1,9),
	('WO506',3,9),
	('WO506',4,9),
	('WO506',6,9),
	('WO506',9,9),
	('WO506',2,7),
	('WO506',7,7),
	('WO506',8,7),
	('WO506',11,7),
	('WO506',5,6),
	('WO506',12,5),
	('ZT703',3,52),
	('ZT703',7,52),
	('ZT703',10,52),
	('ZT703',1,50),
	('ZT703',5,50),
	('ZT703',11,49),
	('ZT703',4,48),
	('ZT703',8,48),
	('ZT703',2,47),
	('ZT703',6,46),
	('ZT703',9,45),
	('ZT703',12,37);


INSERT INTO edition (ISBN,book_id,format,publisher_id, publication_date,pages,print_run_size_inthousands, price) VALUES ('989-28-79-70597-8','TT359','Hardcover','ESP','2178-06-02',277,15,27.99);
INSERT INTO edition (ISBN,book_id,format,publisher_id, publication_date,pages,print_run_size_inthousands, price) VALUES ('989-28-654-6930-3','NP937','Hardcover','PP','2178-08-18',394,6,30.99);
INSERT INTO edition (ISBN,book_id,format,publisher_id, publication_date,pages,print_run_size_inthousands, price) VALUES ('989-28-79-52883-6','PA169','Hardcover','PP','2178-09-08',384,10,27.99);
INSERT INTO edition (ISBN,book_id,format,publisher_id, publication_date,pages,print_run_size_inthousands, price) VALUES ('989-28-79-43574-5','TM925','Graphic','ESP','2178-09-15',187,8,23.99);
INSERT INTO edition (ISBN,book_id,format,publisher_id, publication_date,pages,print_run_size_inthousands, price) VALUES ('989-28-654-5794-2','HS107','Hardcover','PP','2178-09-29',640,3,26.99);
INSERT INTO edition (ISBN,book_id,format,publisher_id, publication_date,pages,print_run_size_inthousands, price) VALUES ('989-28-79-44730-4','DR914','Mass market paperback','ESP','2179-01-05',575,4,8.99);
INSERT INTO edition (ISBN,book_id,format,publisher_id, publication_date,pages,print_run_size_inthousands, price) VALUES ('989-28-654-5771-3','HS107','Trade paperback','PP','2179-01-12',631,5,15.99);
INSERT INTO edition (ISBN,book_id,format,publisher_id, publication_date,pages,print_run_size_inthousands, price) VALUES ('989-28-79-04510-4','TT359','Mass market paperback','ESP','2179-02-16',264,25,8.99);
INSERT INTO edition (ISBN,book_id,format,publisher_id, publication_date,pages,print_run_size_inthousands, price) VALUES ('989-28-79-18127-7','AY135','Hardcover','ESP','2179-04-24',704,15,27.99);
INSERT INTO edition (ISBN,book_id,format,publisher_id, publication_date,pages,print_run_size_inthousands, price) VALUES ('989-28-79-68089-3','BB194','Hardcover','ESP','2179-05-18',401,10,21.5);
INSERT INTO edition (ISBN,book_id,format,publisher_id, publication_date,pages,print_run_size_inthousands, price) VALUES ('989-28-79-22871-2','TI225','Mass market paperback','ESP','2179-07-13',452,15,8.99);
INSERT INTO edition (ISBN,book_id,format,publisher_id, publication_date,pages,print_run_size_inthousands, price) VALUES ('989-28-79-01991-4','PA169','Trade paperback','PP','2179-09-07',356,16,12.5);
INSERT INTO edition (ISBN,book_id,format,publisher_id, publication_date,pages,print_run_size_inthousands, price) VALUES ('989-28-654-0047-4','NP937','Trade paperback','PP','2180-04-18',371,6,15.99);
INSERT INTO edition (ISBN,book_id,format,publisher_id, publication_date,pages,print_run_size_inthousands, price) VALUES ('989-28-79-67891-3','SS361','Hardcover','ESP','2180-07-25',105,14,27.99);
INSERT INTO edition (ISBN,book_id,format,publisher_id, publication_date,pages,print_run_size_inthousands, price) VALUES ('989-28-654-2620-7','NC652','Hardcover','PP','2180-09-12',390,4,32.99);
INSERT INTO edition (ISBN,book_id,format,publisher_id, publication_date,pages,print_run_size_inthousands, price) VALUES ('989-28-3705-054-6','HP265','Paperback','CHP','2181-03-06',28,18,7.99);
INSERT INTO edition (ISBN,book_id,format,publisher_id, publication_date,pages,print_run_size_inthousands, price) VALUES ('989-28-79-45675-7','SS361','Trade paperback','ESP','2181-07-03',105,20,12.5);
INSERT INTO edition (ISBN,book_id,format,publisher_id, publication_date,pages,print_run_size_inthousands, price) VALUES ('989-28-79-82749-6','NR695','Hardcover','ESP','2181-07-10',384,5,22.99);
INSERT INTO edition (ISBN,book_id,format,publisher_id, publication_date,pages,print_run_size_inthousands, price) VALUES ('989-28-79-30536-9','NB483','Mass market paperback','ESP','2181-07-26',311,22,8.99);
INSERT INTO edition (ISBN,book_id,format,publisher_id, publication_date,pages,print_run_size_inthousands, price) VALUES ('989-28-229-1404-4','TS869','Mass market paperback','SSC','2181-12-11',381,11,9.5);
INSERT INTO edition (ISBN,book_id,format,publisher_id, publication_date,pages,print_run_size_inthousands, price) VALUES ('989-28-229-7592-2','MW621','Mass market paperback','SSC','2182-03-05',362,13,9.5);
INSERT INTO edition (ISBN,book_id,format,publisher_id, publication_date,pages,print_run_size_inthousands, price) VALUES ('989-28-3705-222-9','AK974','Trade paperback','CHP','2182-07-23',256,35,11.99);
INSERT INTO edition (ISBN,book_id,format,publisher_id, publication_date,pages,print_run_size_inthousands, price) VALUES ('989-28-79-69807-2','NR695','Mass market paperback','ESP','2182-09-24',414,12,8.99);
INSERT INTO edition (ISBN,book_id,format,publisher_id, publication_date,pages,print_run_size_inthousands, price) VALUES ('989-28-79-42728-3','IA439','Hardcover','ESP','2182-11-05',493,20,27.99);
INSERT INTO edition (ISBN,book_id,format,publisher_id, publication_date,pages,print_run_size_inthousands, price) VALUES ('989-28-654-7965-4','WO506','Hardcover','PP','2182-12-17',288,3,29.99);
INSERT INTO edition (ISBN,book_id,format,publisher_id, publication_date,pages,print_run_size_inthousands, price) VALUES ('989-28-79-87459-9','TH556','Graphic','ESP','2182-12-21',88,3,23.99);
INSERT INTO edition (ISBN,book_id,format,publisher_id, publication_date,pages,print_run_size_inthousands, price) VALUES ('989-28-229-6632-6','WG715','Mass market paperback','SSC','2183-02-14',423,16,9.5);
INSERT INTO edition (ISBN,book_id,format,publisher_id, publication_date,pages,print_run_size_inthousands, price) VALUES ('989-28-79-32105-5','DY800','Mass market paperback','ESP','2183-02-25',390,29,8.99);
INSERT INTO edition (ISBN,book_id,format,publisher_id, publication_date,pages,print_run_size_inthousands, price) VALUES ('989-28-79-71565-6','TM925','Hardcover','ESP','2183-02-25',819,25,21.5);
INSERT INTO edition (ISBN,book_id,format,publisher_id, publication_date,pages,print_run_size_inthousands, price) VALUES ('989-28-79-43841-8','QQ737','Hardcover','ESP','2183-04-01',373,3,18.5);
INSERT INTO edition (ISBN,book_id,format,publisher_id, publication_date,pages,print_run_size_inthousands, price) VALUES ('989-28-79-61125-5','IA439','Trade paperback','ESP','2183-05-27',470,40,12.5);
INSERT INTO edition (ISBN,book_id,format,publisher_id, publication_date,pages,print_run_size_inthousands, price) VALUES ('989-28-654-0127-3','WO506','Trade paperback','PP','2183-12-09',295,7,16.99);
INSERT INTO edition (ISBN,book_id,format,publisher_id, publication_date,pages,print_run_size_inthousands, price) VALUES ('989-28-654-9826-6','DE571','Hardcover','PP','2183-12-16',480,4,28.99);
INSERT INTO edition (ISBN,book_id,format,publisher_id, publication_date,pages,print_run_size_inthousands, price) VALUES ('989-28-654-8573-0','TH143','Hardcover','PP','2184-01-13',598,9,23.99);
INSERT INTO edition (ISBN,book_id,format,publisher_id, publication_date,pages,print_run_size_inthousands, price) VALUES ('989-28-79-82125-8','TH296','Hardcover','ESP','2184-02-10',293,10,22.99);
INSERT INTO edition (ISBN,book_id,format,publisher_id, publication_date,pages,print_run_size_inthousands, price) VALUES ('989-28-79-14379-4','QQ737','Trade paperback','ESP','2184-02-29',373,42,11.99);
INSERT INTO edition (ISBN,book_id,format,publisher_id, publication_date,pages,print_run_size_inthousands, price) VALUES ('989-28-654-6033-1','TH143','Trade paperback','PP','2185-01-04',598,12,15.99);
INSERT INTO edition (ISBN,book_id,format,publisher_id, publication_date,pages,print_run_size_inthousands, price) VALUES ('989-28-229-0197-6','TO369','Mass market paperback','SSC','2185-02-08',255,20,9.5);
INSERT INTO edition (ISBN,book_id,format,publisher_id, publication_date,pages,print_run_size_inthousands, price) VALUES ('989-28-654-4370-9','DE571','Trade paperback','PP','2185-03-29',480,5,15.99);
INSERT INTO edition (ISBN,book_id,format,publisher_id, publication_date,pages,print_run_size_inthousands, price) VALUES ('989-28-79-13801-1','TM925','Mass market paperback','ESP','2185-07-19',672,71,8.99);
INSERT INTO edition (ISBN,book_id,format,publisher_id, publication_date,pages,print_run_size_inthousands, price) VALUES ('989-28-3705-633-3','IG460','Hardcover','CHP','2185-08-09',222,3,19.99);
INSERT INTO edition (ISBN,book_id,format,publisher_id, publication_date,pages,print_run_size_inthousands, price) VALUES ('989-28-3705-987-7','AD222','Trade paperback','CHP','2185-09-22',188,10,8.99);
INSERT INTO edition (ISBN,book_id,format,publisher_id, publication_date,pages,print_run_size_inthousands, price) VALUES ('989-28-79-13871-4','TH296','Mass market paperback','ESP','2185-09-27',357,25,8.99);
INSERT INTO edition (ISBN,book_id,format,publisher_id, publication_date,pages,print_run_size_inthousands, price) VALUES ('989-28-79-05638-4','TC188','Hardcover','ESP','2185-11-15',485,12,27.99);
INSERT INTO edition (ISBN,book_id,format,publisher_id, publication_date,pages,print_run_size_inthousands, price) VALUES ('989-28-79-91028-0','TM925','Trade paperback','ESP','2186-04-14',784,50,12.5);
INSERT INTO edition (ISBN,book_id,format,publisher_id, publication_date,pages,print_run_size_inthousands, price) VALUES ('989-28-3705-966-2','HP265','Paperback','CHP','2186-05-02',31,25,10.99);
INSERT INTO edition (ISBN,book_id,format,publisher_id, publication_date,pages,print_run_size_inthousands, price) VALUES ('989-28-3705-607-4','IG460','Trade paperback','CHP','2186-07-25',218,10,11.99);
INSERT INTO edition (ISBN,book_id,format,publisher_id, publication_date,pages,print_run_size_inthousands, price) VALUES ('989-28-229-5891-8','LB510','Mass market paperback','SSC','2186-07-25',380,25,9.5);
INSERT INTO edition (ISBN,book_id,format,publisher_id, publication_date,pages,print_run_size_inthousands, price) VALUES ('989-28-3705-592-3','BF889','Board book','CHP','2186-10-10',12,8,6.99);
INSERT INTO edition (ISBN,book_id,format,publisher_id, publication_date,pages,print_run_size_inthousands, price) VALUES ('989-28-79-82197-5','TC188','Trade paperback','ESP','2186-12-05',469,20,12.5);
INSERT INTO edition (ISBN,book_id,format,publisher_id, publication_date,pages,print_run_size_inthousands, price) VALUES ('989-28-79-22562-9','ZT703','Hardcover','ESP','2186-12-12',356,18,20.99);
INSERT INTO edition (ISBN,book_id,format,publisher_id, publication_date,pages,print_run_size_inthousands, price) VALUES ('989-28-79-40897-8','PP866','Hardcover','ESP','2187-02-20',656,32,21.5);
INSERT INTO edition (ISBN,book_id,format,publisher_id, publication_date,pages,print_run_size_inthousands, price) VALUES ('989-28-79-23015-9','CH391','Hardcover','ESP','2187-03-06',404,2,18.5);
INSERT INTO edition (ISBN,book_id,format,publisher_id, publication_date,pages,print_run_size_inthousands, price) VALUES ('989-28-3705-152-9','BF889','Paperback','CHP','2187-04-03',20,10,7.99);
INSERT INTO edition (ISBN,book_id,format,publisher_id, publication_date,pages,print_run_size_inthousands, price) VALUES ('989-28-3705-583-1','BC244','Board book','CHP','2187-05-08',13,10,6.99);
INSERT INTO edition (ISBN,book_id,format,publisher_id, publication_date,pages,print_run_size_inthousands, price) VALUES ('989-28-79-07610-8','KA663','Hardcover','ESP','2187-05-15',432,25,27.99);
INSERT INTO edition (ISBN,book_id,format,publisher_id, publication_date,pages,print_run_size_inthousands, price) VALUES ('989-28-3705-649-4','BR858','Board book','CHP','2187-07-10',11,10,6.99);
INSERT INTO edition (ISBN,book_id,format,publisher_id, publication_date,pages,print_run_size_inthousands, price) VALUES ('989-28-79-51397-9','TT773','Hardcover','ESP','2187-08-28',292,40,21.5);
INSERT INTO edition (ISBN,book_id,format,publisher_id, publication_date,pages,print_run_size_inthousands, price) VALUES ('989-28-3705-775-0','BC244','Paperback','CHP','2187-11-06',22,15,7.99);
INSERT INTO edition (ISBN,book_id,format,publisher_id, publication_date,pages,print_run_size_inthousands, price) VALUES ('989-28-79-05670-4','ZT703','Mass market paperback','ESP','2187-11-20',338,26,8.99);
INSERT INTO edition (ISBN,book_id,format,publisher_id, publication_date,pages,print_run_size_inthousands, price) VALUES ('989-28-3705-136-9','BR858','Paperback','CHP','2188-01-08',15,17,7.99);
INSERT INTO edition (ISBN,book_id,format,publisher_id, publication_date,pages,print_run_size_inthousands, price) VALUES ('989-28-79-56856-6','CC830','Hardcover','ESP','2188-02-19',434,25,21.5);
INSERT INTO edition (ISBN,book_id,format,publisher_id, publication_date,pages,print_run_size_inthousands, price) VALUES ('989-28-79-26824-4','TT773','Mass market paperback','ESP','2188-04-08',280,40,8.99);
INSERT INTO edition (ISBN,book_id,format,publisher_id, publication_date,pages,print_run_size_inthousands, price) VALUES ('989-28-229-3157-7','SE355','Mass market paperback','SSC','2188-04-15',336,35,9.5);
INSERT INTO edition (ISBN,book_id,format,publisher_id, publication_date,pages,print_run_size_inthousands, price) VALUES ('989-28-3705-492-6','CH391','Trade paperback','CHP','2188-04-24',404,7,11.99);
INSERT INTO edition (ISBN,book_id,format,publisher_id, publication_date,pages,print_run_size_inthousands, price) VALUES ('989-28-3705-138-3','BF374','Board book','CHP','2188-05-27',12,18,6.99);
INSERT INTO edition (ISBN,book_id,format,publisher_id, publication_date,pages,print_run_size_inthousands, price) VALUES ('989-28-3705-007-2','HP265','Board book','CHP','2188-06-03',16,55,5.99);
INSERT INTO edition (ISBN,book_id,format,publisher_id, publication_date,pages,print_run_size_inthousands, price) VALUES ('989-28-3705-369-1','BF374','Paperback','CHP','2188-10-14',20,18,7.99);
INSERT INTO edition (ISBN,book_id,format,publisher_id, publication_date,pages,print_run_size_inthousands, price) VALUES ('989-28-79-23023-4','PP866','Mass market paperback','ESP','2188-10-21',792,78,8.99);
INSERT INTO edition (ISBN,book_id,format,publisher_id, publication_date,pages,print_run_size_inthousands, price) VALUES ('989-28-79-21991-8','KA663','Mass market paperback','ESP','2188-11-25',341,45,8.99);
INSERT INTO edition (ISBN,book_id,format,publisher_id, publication_date,pages,print_run_size_inthousands, price) VALUES ('989-28-79-68531-7','ST303','Hardcover','ESP','2189-01-06',437,7,21.5);
INSERT INTO edition (ISBN,book_id,format,publisher_id, publication_date,pages,print_run_size_inthousands, price) VALUES ('989-28-79-96705-5','CC830','Mass market paperback','ESP','2189-03-17',381,50,8.99);
INSERT INTO edition (ISBN,book_id,format,publisher_id, publication_date,pages,print_run_size_inthousands, price) VALUES ('989-28-79-16826-1','AM124','Graphic','ESP','2189-03-24',85,3,23.99);
INSERT INTO edition (ISBN,book_id,format,publisher_id, publication_date,pages,print_run_size_inthousands, price) VALUES ('989-28-654-2017-5','IC739','Hardcover','PP','2189-06-09',337,16,29.99);
INSERT INTO edition (ISBN,book_id,format,publisher_id, publication_date,pages,print_run_size_inthousands, price) VALUES ('989-28-79-16533-8','ST862','Hardcover','ESP','2190-02-16',531,9,21.5);
INSERT INTO edition (ISBN,book_id,format,publisher_id, publication_date,pages,print_run_size_inthousands, price) VALUES ('989-28-79-69359-6','CP573','Hardcover','ESP','2190-03-02',706,6,21.5);
INSERT INTO edition (ISBN,book_id,format,publisher_id, publication_date,pages,print_run_size_inthousands, price) VALUES ('989-28-79-16808-7','ST303','Trade paperback','ESP','2190-05-18',458,11,12.5);
INSERT INTO edition (ISBN,book_id,format,publisher_id, publication_date,pages,print_run_size_inthousands, price) VALUES ('989-28-654-5018-9','IC739','Trade paperback','PP','2190-07-15',385,20,16.99);
INSERT INTO edition (ISBN,book_id,format,publisher_id, publication_date,pages,print_run_size_inthousands, price) VALUES ('989-28-79-36485-4','ST862','Trade paperback','ESP','2190-09-14',520,15,12.5);
INSERT INTO edition (ISBN,book_id,format,publisher_id, publication_date,pages,print_run_size_inthousands, price) VALUES ('989-28-79-27078-0','NL209','Graphic','ESP','2190-10-05',192,4,23.99);
INSERT INTO edition (ISBN,book_id,format,publisher_id, publication_date,pages,print_run_size_inthousands, price) VALUES ('989-28-79-55824-6','CP573','Mass market paperback','ESP','2190-12-21',651,15,8.99);
INSERT INTO edition (ISBN,book_id,format,publisher_id, publication_date,pages,print_run_size_inthousands, price) VALUES ('989-28-79-82339-9','TC401','Hardcover','ESP','2191-02-22',421,10,21.5);
INSERT INTO edition (ISBN,book_id,format,publisher_id, publication_date,pages,print_run_size_inthousands, price) VALUES ('989-28-654-9484-8','SS693','Hardcover','PP','2191-03-01',400,8,23.99);
INSERT INTO edition (ISBN,book_id,format,publisher_id, publication_date,pages,print_run_size_inthousands, price) VALUES ('989-28-654-3988-7','LS176','Hardcover','PP','2191-03-15',368,2,48);
INSERT INTO edition (ISBN,book_id,format,publisher_id, publication_date,pages,print_run_size_inthousands, price) VALUES ('989-28-79-86624-2','TP887','Hardcover','ESP','2191-05-14',1296,30,35.84);
INSERT INTO edition (ISBN,book_id,format,publisher_id, publication_date,pages,print_run_size_inthousands, price) VALUES ('989-28-79-64693-6','AY135','Trade paperback','ESP','2191-08-25',645,36,12.5);
INSERT INTO edition (ISBN,book_id,format,publisher_id, publication_date,pages,print_run_size_inthousands, price) VALUES ('989-28-229-9769-6','BS284','Mass market paperback','SSC','2191-09-20',368,37,9.5);
INSERT INTO edition (ISBN,book_id,format,publisher_id, publication_date,pages,print_run_size_inthousands, price) VALUES ('989-28-3705-763-7','MM424','Hardcover','CHP','2191-11-15',324,3,22.99);
INSERT INTO edition (ISBN,book_id,format,publisher_id, publication_date,pages,print_run_size_inthousands, price) VALUES ('989-28-79-74374-1','RR774','Hardcover','ESP','2192-01-03',1218,40,21.5);
INSERT INTO edition (ISBN,book_id,format,publisher_id, publication_date,pages,print_run_size_inthousands, price) VALUES ('989-28-79-55752-2','TC401','Mass market paperback','ESP','2192-04-03',398,18,8.99);
INSERT INTO edition (ISBN,book_id,format,publisher_id, publication_date,pages,print_run_size_inthousands, price) VALUES ('989-28-654-6507-7','SS693','Trade paperback','PP','2192-05-15',387,8,15.99);
INSERT INTO edition (ISBN,book_id,format,publisher_id, publication_date,pages,print_run_size_inthousands, price) VALUES ('989-28-79-03683-6','TA182','Hardcover','ESP','2192-07-03',340,35,18.5);
INSERT INTO edition (ISBN,book_id,format,publisher_id, publication_date,pages,print_run_size_inthousands, price) VALUES ('989-28-654-3899-6','WK456','Hardcover','PP','2192-08-14',207,2,29.99);
INSERT INTO edition (ISBN,book_id,format,publisher_id, publication_date,pages,print_run_size_inthousands, price) VALUES ('989-28-79-11297-4','TP887','Trade paperback','ESP','2192-08-25',1296,30,13.46);
INSERT INTO edition (ISBN,book_id,format,publisher_id, publication_date,pages,print_run_size_inthousands, price) VALUES ('989-28-3705-205-2','MM424','Trade paperback','CHP','2192-09-18',324,8,11.99);






